"Best wiskeys globally, averaging all ratings, but only showing those with at least 5 ratings",,,
Whisky Name,avg Reviewer Rating,count Reviewer Rating,avg Full Bottle Price Paid
Balvenie Tun 1401 Batch #5,95.4,7,$250
George T. Stagg 2012,95.4,14,$76
Glenfarclas 40,94.0,18,$408
Compass Box The General,93.9,8,$331
George T. Stagg 2014,93.6,15,$100
GlenDronach 43 1971 Single Cask PX,93.6,5,
Caol Ila 30 Old & Rare,93.6,8,$363
White Oak Akashi 14,93.5,6,$250
William Larue Weller 2013,93.5,11,$102
Highland Park 25 Cadenhead's,93.4,5,$300
Bruichladdich Octomore 4.2_167 Comus ,93.3,9,$164
Benrinnes 14 1999 Lady of the Glen,93.2,10,$69
Brora 30,93.2,6,$400
Balvenie Tun 1401 Batch #9,93.0,5,$267
High West A Midwinter Nights Dram,93.0,24,$80
Benrinnes 23,92.9,19,$205
Brora 35,92.8,5,"$1,300"
George T. Stagg 2015,92.7,7,$79
Parker's Heritage Collection 5th: Cognac Finished,92.7,6,
Kilchoman Single Cask Sherry,92.6,5,
Laphroaig 25 Cask Strength 2011,92.6,5,$300
Laphroaig 25 Cask Strength 2008,92.5,11,$350
Aberlour A'bunadh batch #36,92.5,10,$67
Four Roses Small Batch Limited Edition 2013 125th Anniversary,92.5,30,$94
Benrinnes 14 AD Rattray Sherry Cask,92.4,14,$91
GlenDronach 17 1996 Single Cask PX,92.3,7,$250
Laphroaig Cairdeas 2013 Portwood,92.2,56,$75
Bruichladdich Octomore 2.2 Orpheus,92.1,9,$125
"Four Roses Single Barrel Private Selection OBSK, /r/bourbon",92.1,9,$59
Pappy Van Winkle Family Reserve Bourbon 15,92.0,21,$147
Bunnahabhain 13 1997 Signatory Heavily Peated,92.0,5,$62
Caol Ila 30 1983 2014 Special Release,92.0,5,$720
Laphroaig 14 1998 Signatory,91.8,6,$81
GlenDronach 19 1995 Single Cask Oloroso,91.8,5,$180
Willett Family Estate Bourbon 22y,91.8,5,$315
Balvenie Tun 1401 Batch #3,91.6,14,$348
Balvenie Tun 1401 Batch #8,91.6,5,$350
GlenDronach Cask Strength,91.5,22,$72
Glengoyne 25,91.5,12,$313
William Larue Weller 2014,91.5,11,$77
Lagavulin Feis Ile 2014,91.4,5,
Macallan Sherry Cask Strength,91.3,71,$73
Ardbeg Uigeadail,91.2,157,$75
Glen Grant 52 1958 Gordon MacPhail,91.2,5,$600
Thomas H. Handy 2013,91.2,19,$76
Four Roses Single Barrel Limited Edition 2013,91.1,7,$74
Benrinnes 15 DARKNESS! Pedro Ximenez,91.1,8,$91
Sazerac 18,91.1,9,$62
Lagavulin 12,91.1,49,$101
George T. Stagg 2013,91.0,22,$89
Ardbeg 21 Sovereign,91.0,6,$342
Bruichladdich Black Art 3.1,91.0,17,$231
High West Rocky Mountain Rye 21,91.0,9,$110
Parker's Heritage Collection 6th: Blend of Mashbills,91.0,8,$83
William Larue Weller 2010,91.0,5,$70
Glenlivet 33 1981 The Ultimate #9467,90.8,6,$267
High West A Midwinter Nights Dram Act 2.x,90.8,6,$81
Bruichladdich 1st Growth Cuvee B Latour,90.8,5,$83
Bruichladdich 27 1985 DNA 4,90.8,5,
Springbank 21,90.8,10,$373
Aberlour A'bunadh batch #41,90.7,7,$75
Bruichladdich Octomore 5.1,90.7,12,$185
WhistlePig Boss Hog,90.7,9,$153
Ardbeg Supernova 2010,90.6,8,$173
Aberlour A'bunadh batch #32,90.6,5,$80
Ardbeg Supernova 2014,90.5,11,$220
Bruichladdich Octomore 6.2,90.5,13,$155
Bruichladdich 1st Growth Cuvee E Sauternes,90.5,6,$130
Pappy Van Winkle Family Reserve Bourbon 20,90.5,13,$357
Old Rip Van Winkle 10 ,90.5,24,$56
Aberlour A'bunadh batch #37,90.4,5,$76
Aberlour A'bunadh batch #47,90.4,15,$67
Eagle Rare 17 2013,90.4,10,$92
Jefferson's Presidential Select 18,90.4,10,$93
Bruichladdich Port Charlotte PC10 Tro Na Linntean,90.4,8,
GlenDronach 19 1995 Single Cask PX,90.3,6,$90
Glenlochy 31 1980 Signatory,90.3,6,$433
Tamdhu 8 Signatory Cask Strength,90.3,12,$59
Kilchoman 5 Single Bourbon Cask,90.3,11,$80
Bruichladdich Octomore 4.2_167 Comus,90.2,10,$208
Lagavulin 1997 Distillers Edition,90.2,11,$110
Hakushu 14 SMWS 120.7,90.1,8,$180
Elijah Craig Barrel Proof,90.1,58,$52
Talisker 25,90.1,15,$168
Bruichladdich Golder Still,90.0,8,$200
GlenDronach 17 1994 Single Cask Oloroso,90.0,5,
Laphroaig 10 Cask Strength Batch 7,90.0,5,$61
Springbank 12 Cask Strength Batch 3,90.0,6,$91
Thomas H. Handy 2015,90.0,10,$115
Willett Family Estate Bourbon 13y,90.0,5,$130
Four Roses Small Batch Limited Edition 2014,89.9,13,$91
"Four Roses Single Barrel Private Selection OBSF, /r/bourbon",89.9,10,$61
Ardbeg Day,89.8,12,$195
Highland Park 30,89.8,6,$420
Port Ellen 32 12th Release,89.8,11,$700
Bowmore 23 1989 Port Matured,89.8,5,
Brora 30 Sherry Single Barrel Chieftain's K&L Exclusive,89.8,5,
Willett Family Estate Bourbon 10y,89.8,5,$82
Highland Park 25,89.8,23,$249
Benrinnes 15 DARKNESS! Oloroso,89.7,7,$88
Longrow Red 11 Fresh Port Cask,89.7,24,$97
Aberlour A'bunadh batch #40,89.6,11,$82
Ardbeg Corryvreckan,89.6,91,$83
Aberlour A'bunadh batch #45,89.6,25,$69
Blair Athol 25 1988 Signatory,89.6,5,$130
Bruichladdich Octomore 4.1,89.6,5,$165
Hibiki 21,89.6,5,$220
Ledaig 17 1998 Cooper's Choice,89.6,5,
Talisker Distiller's Edition 1996,89.6,5,$135
Talisker Distiller's Edition 1999,89.6,5,$75
Thomas H. Handy 2014,89.6,10,$85
Smooth Ambler Old Scout Rye 8 ,89.6,7,$49
Macallan 25 Sherry,89.5,11,$598
Heartwood Convict Release,89.5,6,$200
Laphroaig 20 SMWS 29.171,89.5,6,
Booker's 25th Anniversary,89.4,12,$103
Amrut Greedy Angels 10,89.4,5,
Bruichladdich Octomore 1.1,89.4,5,$200
Caol Ila Natural Cask Strength,89.4,5,$80
Old Pulteney 1990 – Single Cask Bottling for The Official Line,89.4,5,
Springbank 12 Cask Strength Batch 7,89.4,10,$86
William Larue Weller 2015,89.4,5,$167
Laphroaig 10 Cask Strength,89.4,39,$60
Bruichladdich Port Charlotte PC7 Sin an Doigh Ileach,89.4,19,$105
Talisker Distiller's Edition 2012,89.4,11,$77
Laphroaig Cairdeas 2012 Origin ,89.4,20,$88
Eagle Rare 17,89.3,12,$68
Thomas H. Handy 2016,89.3,9,
Colonel E.H. Taylor Barrel Proof,89.3,42,$77
Bruichladdich Port Charlotte PC11 Eorna Na H-Alba,89.3,7,$130
Van Winkle Family Reserve Rye 13,89.3,7,$77
Balvenie Tun 1509 Batch #1,89.3,8,$285
Amrut Portonova,89.2,21,$108
Four Roses Small Batch Limited Edition 2015,89.2,13,$129
Ardbeg Airigh Nam Beist 1990,89.2,14,$141
Bruichladdich Port Charlotte PC8 Ar Duthchas,89.2,5,$130
Highland Park 21,89.2,5,$280
Macallan 18 Sherry,89.2,25,$192
Macallan Edition No. 1,89.2,5,$95
Ardbeg 8 SMWS 33.143,89.2,6,
Laphroaig 18,89.1,85,$90
Laphroaig Quarter Cask,89.1,148,$57
Bruichladdich 21 Cuvee 407 PX,89.1,11,$200
Springbank 10 100 Proof,89.1,11,$79
Glenmorangie Ealanta,89.1,25,$114
Willett Family Estate Rye 4y,89.1,25,$40
Ardbeg Alligator,89.0,29,$141
Amrut Cask Strength,89.0,15,$71
Bunnahabhain 10 2005 Signatory,89.0,5,
John J. Bowman,89.0,8,$45
Laphroaig Cairdeas 2011 Ileach,89.0,7,$65
Old Pulteney 21,89.0,24,$106
Redbreast 12 Cask Strength B1/11,89.0,7,$93
Talisker 30,89.0,8,$324
Ardbeg Ardbog,89.0,45,$111
BenRiach 17 Solstice,88.9,37,$97
Caol Ila Cask Strength,88.8,6,$72
Compass Box Flaming Heart,88.8,12,$106
Elijah Craig 21,88.8,6,$130
Glenfarclas 31 Port Cask,88.8,6,$520
Old Grand Dad 86 National Distillers,88.8,6,$13
Highland Park 15 Freya ,88.8,5,$300
Springbank 12 Cask Strength Batch 9,88.8,5,$70
Wild Turkey Decades,88.8,9,$151
Benromach 10 100 Proof,88.8,13,$69
Bruichladdich Black Art 4.1,88.8,17,$242
Booker's Rye,88.7,11,$300
Glenmorangie Sonnalta PX,88.7,7,$90
Kavalan Solist Vinho Barrique,88.7,14,$147
Stagg Jr. Batch #4,88.7,7,$54
Aberlour A'bunadh batch #39,88.7,15,$66
Caol Ila Stitchell Reserve,88.7,6,$107
Glenfiddich Snow Phoenix,88.7,9,$147
Talisker Distiller's Edition 2013,88.7,9,$76
Four Roses Single Barrel Private Selection OBSK,88.6,16,$55
Bruichladdich Black Art 2.2,88.6,23,$207
Glen Mhor 29 1982 Signatory Cask Strength,88.6,5,$430
Powers John's Lane 12,88.6,5,$58
Sazerac 18 2014,88.6,5,
Amrut Spectrum 004,88.6,8,$170
Lagavulin 12 ,88.6,16,$118
GlenDronach Cask Strength Batch 4,88.6,9,$134
Four Roses Single Barrel Private Selection OESQ,88.5,15,$66
Aberlour 12 Non Chill Filtered,88.5,60,$57
Amrut Spectrum,88.5,10,$150
Balvenie 30,88.5,10,$600
Old Forester Birthday Bourbon 2013,88.5,11,$51
Laphroaig 10 Cask Strength Batch 6,88.4,7,$67
Nikka Yoichi 26 SMWS 116.20,88.4,7,
Glenlivet 25,88.4,12,$316
Balvenie 15 Single Barrel ,88.4,5,
Laphroaig 15,88.4,15,$78
Talisker Distiller's Edition,88.4,15,$81
Vintage 17 Bourbon,88.4,5,$65
Kilchoman 100% Islay 3rd Edition,88.4,8,$81
Lot No. 40 Cask Strength - Barrel Sample,88.4,8,
Glenmorangie Artein,88.4,17,$82
Balvenie 17 Madeira Cask,88.3,12,$103
BenRiach 25,88.3,6,$300
Sheep Dip 1990 Old Hebridian,88.3,6,$67
Four Roses Single Barrel Private Selection OBSF,88.3,19,$59
Four Roses Single Barrel Private Selection OBSV,88.3,17,$50
Longrow Red 11 Australian Shiraz,88.3,14,$88
Bruichladdich Octomore 6.1,88.2,33,$154
Glenlivet 21 Archive,88.2,19,$142
Aberlour A'bunadh Batch #52,88.2,5,$88
Arran 21st Anniversary LE,88.2,5,
Clynelish 18 1997 Wilson & Morgan Marsala Finish,88.2,5,
Macallan 18,88.2,10,$160
Colonel E.H. Taylor Straight Rye,88.2,28,$70
Parker's Heritage Collection 8th: Wheat Whiskey,88.2,18,$97
Oban 18,88.1,14,$97
Ardbeg Galileo,88.1,37,$102
Bunnahabhain 18,88.1,38,$113
Compass Box No Name,88.1,8,
Lot No. 40 Cask Strength,88.1,8,
Aberlour A'bunadh Batch #53,88.1,9,$84
Bruichladdich Octomore 7.3,88.1,14,$192
Aberlour A'bunadh batch #44,88.0,6,$76
Arran Single Cask Sherry,88.0,8,$85
BenRiach 12 Heredotus Fumosus,88.0,5,$74
Bruichladdich Port Charlotte 10,88.0,16,$61
Bunnahabhain 25,88.0,11,$388
Elmer T. Lee Commemorative Edition,88.0,5,$38
Four Roses Single Barrel Limited Edition 2014,88.0,9,$98
Glen Garioch 1995,88.0,7,$109
High West Double Rye /r/bourbon Campfire Barrel,88.0,6,$50
Springbank 12 Calvados Wood,88.0,9,$111
Four Roses Single Barrel Private Selection OBSO,87.9,12,$59
Thomas H. Handy 2011,87.9,12,$160
Colonel E.H. Taylor Cured Oak,87.9,11,$76
Stagg Jr. Batch #5,87.9,11,$56
Bruichladdich Octomore 7.2,87.9,16,$148
Booker's Bourbon,87.9,82,$53
High West Rendezvous Rye,87.8,44,$49
BenRiach 21 Authenticus Peated,87.8,6,$150
Lagavulin 1996 Distillers Edition,87.8,6,$86
Longmorn 16,87.8,6,$95
Benrinnes 11 1997 Signatory Hogshead,87.8,5,$50
Oban Distiller's Edition 1996,87.8,5,$120
Old Forester Birthday Bourbon 2012,87.8,5,$55
Amrut Single Cask PX,87.8,9,
Bruichladdich Port Charlotte PC12 Oileanach Furachail,87.8,9,$138
Blanton's Straight from the Barrel,87.8,30,$85
Balvenie 17 Peated Cask,87.8,21,$105
Talisker 57° North,87.8,32,$97
Longrow Red 11 Cabernet Sauvignon,87.7,11,$75
Kilchoman Port Cask Matured,87.7,16,$109
Macallan Edition No. 2,87.6,13,$103
GlenDronach 19 Madeira,87.6,5,$180
W.L. Weller 12,87.6,63,$29
Willett Family Estate Bourbon 11y,87.6,9,$103
Highland Park 15 Loki,87.5,11,$256
Lagavulin 1995 Distillers Edition,87.5,11,$121
Redbreast 21,87.5,11,$250
Parker's Heritage Collection 7th: Promise of Hope,87.5,13,$93
GlenDronach 18 Allardice,87.5,23,$110
Glenfiddich Cask of Dreams,87.5,6,$99
Lagavulin 16,87.5,162,$78
Glenmorangie Companta,87.5,11,$108
Aberlour A'bunadh batch #42,87.4,9,$56
Aberlour A'bunadh batch #49,87.4,5,$75
Kilkerran Work in Progress 7 Bourbon Wood,87.4,5,$73
Longrow 10,87.4,10,$103
Bruichladdich The Laddie Sixteen,87.4,13,$97
Highland Park 18,87.4,78,$115
Compass Box The Lost Blend,87.4,8,$96
Four Roses Single Barrel Private Selection OESK,87.3,18,$61
Smooth Ambler Old Scout Rye 7 ,87.3,19,$43
GlenDronach 15 Revival,87.3,73,$76
Balvenie 15 Single Barrel,87.3,49,$80
Van Winkle Special Reserve 12 Lot B,87.3,21,$63
Tobermory 15,87.3,18,$135
Balvenie 21 Portwood,87.2,46,$162
Laphroaig An Cuan Mor,87.2,13,$93
Macallan 17 Fine Oak,87.2,9,$138
Pappy Van Winkle Family Reserve Bourbon 23,87.2,9,"$1,150"
Caol Ila 18,87.2,14,$75
Aberlour A'bunadh batch #54,87.2,5,$98
Hazelburn 8 Sauternes,87.2,5,$103
Glenfarclas 25,87.2,41,$154
Bunnahabhain Ceòbanach,87.2,6,$90
GlenDronach 18 Tawny Port,87.2,6,$90
Glenmorangie Astar,87.2,33,$82
Arran 18,87.1,7,
Four Roses Single Barrel Private Selection OBSQ,87.1,15,$56
Talisker 18,87.1,31,$103
Clynelish 29 SMWS 26.105,87.1,8,
Four Roses Single Barrel Private Selection OESF,87.1,16,$55
Laphroaig Cairdeas 2014 Amontillado,87.1,24,$77
GlenDronach 21 Parliament,87.1,33,$143
Four Roses Single Barrel,87.1,67,$38
Glenmorangie 18,87.1,25,$91
Stagg Jr.,87.1,39,$52
Glenfarclas 105 Cask Strength,87.0,77,$69
BenRiach 18 Albariza,87.0,6,$90
Bruichladdich Black Art 5.1,87.0,7,
Bruichladdich Cuvee 640: Eroica,87.0,8,$200
Bruichladdich Port Charlotte PC6 Cuairt-Beatha,87.0,5,$100
Glengoyne 12 Cask Strength,87.0,5,$71
Laphroaig 10 1999 Murray McDavid,87.0,5,$90
Amrut Kadhambam,86.9,14,$100
Glenmorangie Signet,86.9,22,$154
AnCnoc 16,86.9,19,$54
Balvenie 14 Golden Cask,86.9,9,$75
Springbank 15,86.9,45,$90
Bruichladdich Octomore 10 Second Edition,86.9,8,$155
Aberlour 18,86.9,22,$95
Springbank 18,86.9,21,$150
Four Roses Single Barrel Private Selection OESO,86.8,12,$59
GlenDronach 12 2003 Single Cask PX,86.8,6,$143
Bruichladdich Octomore 7.1,86.8,11,$169
Compass Box This is Not a Luxury Whisky,86.8,11,$211
Arran 18 1996 KWM Single Cask Sherry Hogshead,86.8,5,
Barrell Bourbon Batch 009,86.8,5,$83
Colonel E.H. Taylor Tornado Whiskey BiB,86.8,5,$72
Old Forester Birthday Bourbon 2016,86.8,5,$90
J.P. Wiser's Legacy,86.7,7,$49
Springbank 17 Sherry Wood,86.7,7,$130
Aberlour A'bunadh,86.7,6,$100
Amrut Single Cask Virgin Oak,86.7,6,
Balblair 1990 2nd Release,86.7,9,
Longrow Red 12 Fresh Pinot Noir Cask,86.7,6,$96
Amrut Intermediate Sherry,86.6,13,$114
Bruichladdich 16 Bourbon Cask,86.6,5,$100
Caol Ila Feis Ile 2014,86.6,5,
GlenDronach Cask Strength Batch 2,86.6,5,$75
William Larue Weller 2016,86.6,11,$105
Tomatin Decades,86.6,7,$96
Laphroaig PX Cask,86.6,37,$87
Bruichladdich The Laddie Ten,86.5,82,$54
Caol Ila Distiller's Edition,86.5,12,$75
Yellow Spot,86.5,12,$80
High West Campfire,86.5,25,$57
Glenfarclas 17,86.5,40,$90
Talisker Distiller's Edition 2000,86.4,9,$78
WhistlePig 10 Straight Rye,86.4,23,$74
Aberlour A'bunadh batch #46,86.4,12,$72
Glenfarclas 30,86.4,5,$300
"Rittenhouse Rye 100	",86.4,5,$26
Wild Turkey Diamond Anniversary,86.4,5,$125
Caperdonich 18 Signatory,86.4,8,$91
Mortlach 16 Flora & Fauna,86.4,8,$110
Aberlour A'bunadh batch #50,86.3,6,$68
Longrow 14 Burgundy,86.3,6,$105
Bruichladdich Islay Barley 2007 Rockside Farm,86.3,10,$52
Bruichladdich 21 Cuvee 382 - La Berenice,86.3,7,$200
Four Roses Single Barrel Private Selection OESV,86.3,14,$55
Nikka Yoichi 15,86.3,7,$111
Amrut Double Cask,86.3,6,
GlenDronach 10 2002 Single Cask PX,86.3,8,$110
Glenmorangie Finealta,86.3,8,$87
Jefferson's 10 Rye Whiskey,86.3,8,$36
Nikka Taketsuru 21,86.3,12,$208
WhistlePig 10 Single Barrel Straight Rye,86.3,8,$83
Laphroaig Cairdeas 2015,86.2,23,$82
Bowmore 15 Laimrig,86.2,14,$96
Hibiki 17,86.2,15,$124
Kilchoman Sherry Cask Release,86.2,10,$76
Adelphi Limerick Selection Slaney Malt 23 1991,86.2,6,
Redbreast 15,86.1,15,$80
Michter's 10 Rye,86.1,8,$112
Old Weller Antique 107,86.1,87,$25
Talisker 10,86.1,142,$58
Bruichladdich Port Charlotte 2007 CC:01,86.1,10,$89
Willett Family Estate Rye 6y,86.1,10,$68
Ardbeg 10,86.1,156,$55
Bruichladdich Octomore 6.3,86.1,18,$178
Michter's Barrel Strength Rye,86.1,19,$69
Bushmills 21,86.0,6,$122
Glenfiddich 19 Age of Discovery Bourbon Cask,86.0,5,$194
Springbank 16 Local Barley,86.0,8,$160
Russell's Reserve Single Barrel,86.0,29,$52
Colonel E.H. Taylor Small Batch,86.0,45,$43
Yamazaki 18,85.9,9,$100
Laphroaig 17 SMWS 29.157,85.9,8,$100
Talisker 175th Anniversary,85.9,8,$73
Redbreast 12 Cask Strength,85.9,14,$70
Amrut Peated Cask Strength,85.8,18,$95
Bruichladdich 1st Growth Cuvee D,85.8,6,$103
High West Bourye,85.8,17,$75
Abraham Bowman Coffee Finished Bourbon,85.8,5,$73
William Larue Weller 2017,85.8,5,
Elmer T. Lee,85.8,52,$32
High West Double Rye,85.8,28,$37
Glenlivet 16 Nadurra,85.8,83,$66
Rock Hill Farms Single Barrel Bourbon,85.8,13,$60
Evan Williams Single Barrel 2004,85.8,20,$30
GlenDronach Cask Strength Batch 3,85.7,11,$75
Old Pulteney 17,85.7,31,$91
Glenfarclas 21,85.7,29,$118
Blanton's Original Single Barrel,85.7,48,$51
Amrut Fusion,85.7,35,$68
Laphroaig Triplewood,85.7,38,$64
Alberta Premium Dark Horse,85.7,24,$30
J.P. Wiser's 35,85.7,6,
Overeem Port Cask Cask Strength,85.7,6,$150
Longrow CV,85.6,11,$62
Amrut Naarangi,85.6,8,
Glengoyne 21,85.6,16,$127
Laphroaig Cairdeas 2016 Madeira,85.6,21,$84
Benrinnes 13 AD Rattray Sherry Cask,85.6,5,
Compass Box Flaming Heart 15th Anniversary Edition,85.6,15,$138
John J Bowman Single Barrel,85.6,5,$49
Tomatin 14 Portwood,85.6,5,$50
Willett Family Estate Rye 8y,85.6,5,$120
Benrinnes 17 1997 Signatory Cask Strength,85.6,7,$80
Forty Creek Port Wood Reserve,85.6,7,
Glenlossie 19 1992 Signatory,85.6,7,$80
Balvenie 17 Doublewood,85.5,32,$123
Balvenie 15 Single Barrel Sherry Cask,85.5,17,$92
Amrut Single Cask Bourbon,85.5,6,
Bowmore Tempest Batch 3,85.5,8,
Kilchoman Loch Gorm,85.5,26,$85
Glen Scotia 15,85.4,7,$60
Orphan Barrel Rhetoric 21,85.4,7,$87
Bunnahabhain 12,85.4,109,$54
Bowmore Dusk,85.4,5,
High West Son of Bourye,85.4,15,$41
Four Roses Small Batch,85.4,48,$30
Kavalan Solist Ex-Bourbon,85.4,11,$85
Caol Ila 15 Unpeated,85.4,17,$100
Balvenie 16 Triple Cask,85.3,6,$100
Glencadam 15,85.3,9,$75
Macallan 15 Fine Oak,85.3,26,$85
Ardbeg Dark Cove Committee Release,85.3,10,$117
Craigellachie 23,85.3,10,$230
Arran 12 Cask Strength,85.3,17,$61
Old Forester 1920,85.3,17,$57
Blanton's Gold,85.3,11,$72
Dalmore 1263 King Alexander III,85.2,13,$181
Wild Turkey Rare Breed,85.2,48,$36
BenRiach 12 Arumaticus Fumosus,85.2,6,
Caol Ila 25,85.2,6,$170
Jim Beam Single Barrel,85.2,6,$28
Macallan Whisky Maker's Edition,85.2,6,$118
Michter's 10 Bourbon,85.2,18,$107
Kilchoman Machir Bay,85.2,67,$58
Old Ezra 101,85.2,13,$17
Kilkerran Work In Progress 6 Bourbon Wood,85.1,7,$57
Caol Ila 17 Unpeated,85.1,8,
AnCnoc Rutter,85.1,9,$68
Springbank 12 Burgundy,85.1,11,$94
Compass Box 3 Year Old Deluxe,85.1,9,$289
Aberfeldy 21,85.0,9,$80
Amrut Rye,85.0,7,
Bruichladdich Octomore Discovery,85.0,7,
Kavalan Solist Port Cask,85.0,7,$150
Longrow 7 Gaja Barolo,85.0,7,$85
Mackinlay's Shackleton Rare Old Highland Malt Whisky,84.9,16,$133
Old Forester Birthday Bourbon 2014,84.9,12,$53
Kilchoman Madeira Cask,84.9,11,$85
BenRiach 16 Sauternes Finish,84.9,8,$80
Longrow 18,84.9,8,$190
Pike Creek 21 Speyside Finish,84.8,6,
Laphroaig 10,84.8,135,$48
BenRiach 10 Curiositas,84.8,23,$43
BenRiach 15 Dark Rum Wood Finish,84.8,5,$61
Four Roses Single Barrel Limited Edition 2016,84.8,5,$138
Springbank 11 Local Barley,84.8,5,$130
Caol Ila 12,84.7,105,$57
Macallan 12 Sherry ,84.7,11,$50
Nikka Taketsuru 17,84.7,7,$110
Balvenie 12 Single Barrel First Fill,84.7,24,$67
BenRiach 12 Importanticus Fumosus,84.7,10,$65
Highland Park 15,84.7,23,$75
Aberlour 16,84.7,33,$65
Glengoyne 15,84.7,12,$50
Parker's Heritage Collection 9th: Malt Whiskey,84.7,6,$93
Sullivans Cove French Oak,84.7,6,$150
Maker's Mark Cask Strength,84.7,43,$47
Angel's Envy Rye,84.7,20,$75
Springbank 10,84.6,71,$60
Ardmore 12 Port Wood Finish,84.6,5,$56
Elijah Craig 12 ,84.6,10,$29
Glenfiddich Experimental Series Project XX,84.6,10,$54
Glengoyne Cask Strength,84.6,5,
Highland Park 15 Freya,84.6,5,$270
GlenDronach Peated,84.6,9,$40
Stagg Jr. Batch #3,84.6,9,$59
Glenfiddich 18,84.5,56,$77
Bowmore Devil's Cask Batch 3,84.5,8,
Bruichladdich Port Charlotte An Turas Mor,84.5,18,$61
Compass Box Eleuthera,84.5,6,$70
Crown Royal Hand Selected Barrel,84.5,10,$51
Maker's Mark 46,84.5,26,$35
Knob Creek Single Barrel Reserve,84.5,31,$41
Bowmore Devil's Cask,84.4,9,$100
Highland Park 8 MacPhail’s Collection,84.4,7,$33
BenRiach 20,84.4,5,$120
Arran 14,84.4,28,$59
AnCnoc Flaughter,84.3,9,$60
Longmorn 19 1992 Signatory,84.3,6,$80
Russell’s Reserve Rye 6,84.3,6,$38
Rittenhouse Rye 100,84.3,52,$25
Old Grand Dad 114,84.3,56,$24
Bruichladdich Port Charlotte Scottish Barley,84.3,33,$64
Kilchoman 100% Islay 2nd Edition,84.2,5,$55
Springbank 12 Cask Strength,84.2,25,$82
Rebel Yell 10 Single Barrel,84.2,11,$54
Nikka Whisky From The Barrel,84.2,34,$41
Colonel E.H. Taylor Seasoned Wood,84.2,6,$70
Sullivans Cove Double Cask,84.2,6,
Ardbeg Auriverdes,84.1,16,$101
Bruichladdich Octomore 7.4,84.1,8,$200
Hazelburn 12,84.1,8,$45
Glen Garioch Founder's Reserve,84.1,17,$41
Glenmorangie Quinta Ruban,84.1,116,$52
Glenfiddich 14 Rich Oak,84.1,14,$48
Elijah Craig 18,84.1,16,$113
Glenfarclas 12,84.1,74,$51
Highland Park 12,84.0,167,$47
Benrinnes 17 SMWS 36.82,84.0,6,
Bowmore Tempest Batch 4,84.0,7,$68
Bruichladdich 1st Growth Cuvée A Pauillac,84.0,5,$76
Glenfarclas 15,84.0,35,$84
Glenlivet Nàdurra Oloroso,84.0,12,$72
Glentauchers 16 Gordon & MacPhail,84.0,5,$55
Highland Park 16 1996 Old Malt Cask,84.0,5,
Lot No. 40,84.0,23,$43
Tamdhu 17 1995 Adelphi,84.0,5,$68
Pikesville Rye,84.0,21,$43
Hakushu 12,84.0,20,$68
Balvenie 14 Caribbean Cask,83.9,99,$63
Kilchoman Sanaig,83.9,16,$65
Willett Family Estate Rye 2y,83.9,15,$42
Bruichladdich Islay Barley 2006,83.9,9,$77
Wild Turkey 101,83.9,75,$25
Bruichladdich Port Charlotte 10 Second Edition,83.9,8,$65
AnCnoc 18,83.9,7,
Ledaig 18,83.9,7,
Old Charter 10,83.9,7,$20
Bulleit Rye,83.8,46,$27
Henry McKenna 10 Single Barrel,83.8,49,$30
Longrow Peated,83.8,36,$52
BenRiach 22 1992 Cadenhead's Rum Cask,83.8,5,
Bruichladdich Scottish Barley The Classic Laddie,83.8,25,$58
Bulleit Bourbon 10,83.8,15,$39
GlenDronach 18 Marsala,83.8,5,
"Glengoyne 12 SMWS 123.8 ""In the Spanish Mountains""",83.8,5,
Glenlivet Guardians' Chapter,83.8,5,$80
Willett Family Estate Bourbon 8y,83.8,5,$60
Eagle Rare 10,83.8,61,$29
Nikka Coffey Malt,83.8,9,$54
Very Old Barton Bottled In Bond,83.8,9,$16
Kavalan Solist Sherry,83.8,22,$140
Tomatin 18,83.8,25,$66
Glen Garioch 12,83.8,16,$47
Kilchoman Original Cask Strength,83.7,7,
Smooth Ambler Old Scout Bourbon 10 ,83.7,10,$44
High West American Prairie Reserve,83.7,13,$40
Balvenie 12 Signature,83.6,11,$50
Ardbeg Dark Cove,83.6,10,$100
Arran Devil's Punch Bowl Chapter III,83.6,5,
Kilchoman Machir Bay Cask Strength,83.6,5,
Balcones Texas Single Malt,83.6,18,$60
Bruichladdich The Laddie Ten Second Edition,83.5,6,$54
Colonel E.H. Taylor Single Barrel,83.5,30,$66
Ledaig 7 /r/Scotch Community Cask,83.5,16,$65
Westland Sherry Wood,83.4,9,$71
Glengoyne 18,83.4,14,$78
Kilkerran 12,83.4,12,$53
Talisker Storm,83.4,41,$56
Johnnie Walker Green Label,83.4,69,$57
Auchentoshan 21,83.4,5,
Benrinnes 18 A. D. Rattray  (Stronachie),83.4,5,$68
Clynelish Distiller's Edition 1997,83.4,5,$60
Evan Williams Single Barrel 2005,83.4,5,$27
J.P. Wiser's Dissertation,83.4,8,
Talisker Port Ruighe,83.4,16,$66
BenRiach 16,83.4,11,$73
Bunnahabhain Toiteach,83.4,17,$83
Benromach 10,83.3,47,$55
Canadian Club 40,83.3,6,
Mackmyra First Edition,83.3,6,$61
"Old Weller Antique 107, 7y",83.3,6,
Wild Turkey 101 Rye,83.3,21,$32
Willett Pot Still Reserve Single Barrel,83.3,10,$40
Glenlivet 18,83.3,62,$90
Arran Amarone Cask Finish,83.2,15,$71
Benrinnes 15 Flora & Fauna,83.2,5,
Bowmore Devil's Cask Batch 1,83.2,5,$100
Evan Williams Single Barrel,83.2,5,$28
Glenkinchie Distiller's Edition 1996,83.2,5,$80
Knob Creek 25th Anniversary,83.2,5,$150
J.P. Wiser's Red Letter 2013 Virgin Oak Finish,83.2,6,$100
Knob Creek 9 Small Batch,83.2,39,$33
Auchentoshan Valinch,83.1,36,$64
Buffalo Trace,83.1,66,$26
Finlaggan Old Reserve,83.1,21,$22
Elijah Craig 12,83.1,60,$28
Orphan Barrel Barterhouse 20,83.0,28,$79
Benrinnes 18 1995 The Ultimate,83.0,6,$50
Big Peat Christmas Edition 2013,83.0,7,$62
Linkwood 15 Gordon & MacPhail,83.0,5,$50
Longrow Red 12 Pinot Noir,83.0,5,$125
Tyrconnell 10 Sherry Cask Finish,83.0,5,
Old Grand Dad 100 Bottled in Bond,83.0,46,$20
Lagavulin 8,83.0,28,$63
Glengoyne 17,82.9,18,$60
Glenfiddich 21 Gran Reserva,82.9,15,$178
Orphan Barrel Old Blowhard 26,82.9,11,$172
GlenDronach 12 Original,82.9,62,$50
Collingwood 21,82.9,9,$55
Highland Park Dark Origins,82.9,27,$91
Smooth Ambler Contradiction,82.9,7,$54
Redbreast 12,82.8,24,$52
Aberlour 12 Double Cask Matured,82.8,52,$44
AnCnoc 12,82.8,58,$41
Bruichladdich Rocks,82.8,26,$45
BenRiach 12 Sherry Matured,82.8,17,$60
Glenmorangie Nectar D'Or 12,82.8,73,$66
Té Bheag,82.8,12,$29
Willett Family Estate Rye 3y,82.7,11,$42
Forty Creek Copper Pot Reserve,82.7,7,$27
Sazerac Rye,82.7,39,$34
Amrut Single Cask Peated Port Pipe,82.7,6,
"Arran Smugglers' Series Vol. II - ""The High Seas""",82.7,6,
Ballantine's 17,82.7,6,$51
Compass Box Great King St. Glasgow Blend,82.7,9,$35
Wild Turkey 101 8,82.7,6,$38
Bruichladdich Port Charlotte The Peat Project,82.6,14,$54
Old Forester Birthday Bourbon 2015,82.6,7,
Glenfiddich 15,82.6,72,$52
Ardbeg An Oa,82.5,10,$55
Compass Box Rivals,82.5,6,
Glenfiddich Cask Collection Sherry Reserve Cask,82.5,6,$100
Gooderham & Worts 17 Little Trinity,82.5,6,
Laphroaig Lore,82.5,20,$150
Rowan's Creek,82.5,10,$40
Stranahan's Colorado Whiskey,82.5,10,$55
Very Old Barton Bottled in Bond,82.5,6,$14
Ardbeg Perpetuum,82.5,13,$97
Michel Couvreur 12 Overaged Malt Whiskey,82.5,11,$64
Highland Park 10,82.4,9,$47
Macallan 12,82.4,17,$51
Old Forester Signature,82.4,17,$23
Amrut Single Malt Whisky,82.4,10,$62
Glenfarclas 105 Cask Strength 20 ,82.4,5,
Ichiro's Malt Double Distilleries,82.4,5,
Old Rip Van Winkle 10,82.4,5,
Arran 10,82.4,32,$43
Masterson's 10 Rye,82.4,8,$70
Russell's Reserve Single Barrel Rye,82.4,11,$67
Bowman Brothers Small Batch,82.3,9,$28
Evan Williams Single Barrel 2002,82.3,6,$18
Macallan Classic Cut,82.3,6,
Macallan 12 Sherry,82.3,76,$56
Balvenie 10 Founder's Reserve,82.3,7,$58
Arran Robert Burns Single Malt,82.3,8,
Evan Williams Single Barrel 2003,82.3,20,$28
Glengoyne 12,82.3,12,
Orphan Barrel Lost Prophet,82.2,6,
Oban 14,82.1,86,$74
Bushmills 16,82.1,10,$63
Edradour 10,82.1,23,$53
Kilchoman Coull Point,82.1,12,$73
Clynelish 14,82.1,57,$55
Angel's Envy Cask Strength,82.0,14,$160
Auchentoshan Three Wood,82.0,50,$69
"Arran Smugglers' Series Vol. I ""The Illicit Stills""",82.0,5,
Bruichladdich Bere Barley,82.0,8,$68
Forty Creek Confederation Oak,82.0,6,$70
Forty Creek Heart of Gold,82.0,7,$70
Hazelburn 8,82.0,6,$68
Michter's Toasted Barrel,82.0,8,$50
Nikka Yoichi 10,82.0,13,$60
Stagg Jr. Batch #7,82.0,6,$52
Talisker 57 North,82.0,5,
Very Special Old Fitzgerald 12,82.0,5,$37
Jura Prophecy,82.0,14,$71
Compass Box Spice Tree,81.9,36,$59
Scapa 16,81.9,26,$76
Compass Box Great King St. Artist's Blend,81.9,24,$41
Old Pulteney 12,81.8,77,$38
Yamazaki 12,81.8,49,$64
Laphroaig 15 ,81.8,6,$87
Millstone 100 Rye,81.8,6,
Bowmore 18,81.8,22,$126
Blair Athol 12 Flora & Fauna,81.8,5,$50
Corsair Small Batch Triple Smoke American Single Malt,81.8,5,$47
Elmer T Lee,81.8,5,$40
Macallan Sienna,81.8,8,$60
Smooth Ambler Old Scout Bourbon 7 ,81.7,11,$37
Hochstadter's Vatted Straight Rye Whiskey,81.7,6,$38
Ileach Cask Strength,81.7,6,$56
Jameson 12,81.7,6,$51
New Holland Beer Barrel Bourbon,81.7,6,$27
Woodford Reserve Double Oaked,81.7,18,$51
Dalwhinnie 15,81.6,69,$55
Hakushu 18,81.6,5,$80
Bowmore 12 Enigma,81.6,7,$48
Fighting Cock,81.6,7,$18
J.P. Wiser's Union 52,81.5,8,$80
Noah's Mill,81.5,23,$48
Balvenie 12 Doublewood,81.5,115,$50
Macallan 10 Fine Oak,81.5,35,$44
Russell's Reserve 10,81.4,22,$36
Aberlour 15 Double Cask Matured,81.4,5,
Big Peat,81.4,10,$62
Bowmore 15 Mariner,81.4,5,
Bruichladdich 15,81.3,7,
Bruichladdich Organic 2003,81.3,7,$80
Glenfiddich Malt Master's Edition,81.3,7,$80
High West Yippee Ki Yay,81.3,11,$64
Jim Beam Double Oak,81.3,8,$21
Glen Elgin 12,81.2,9,$43
Dalmore 18,81.2,10,$140
Heaven Hill 6 Bottled in Bond,81.2,25,$13
Kilkerran Work In Progress 4,81.2,5,$48
Macallan 18 Fine Oak,81.2,5,$230
Ledaig 10,81.2,42,$49
Tomintoul 14,81.2,6,
Ancient Ancient Age 10 Year,81.1,7,$18
Pike Creek 10 Port Finish,81.1,9,$40
Glenrothes 1998,81.1,11,$55
Ardbeg Kelpie,81.0,5,$120
Arran Sauternes Cask Finish,81.0,16,$69
Auchentoshan Heartwood,81.0,5,$40
Balvenie 14 Peat Week,81.0,6,$89
Glendronach 8 The Hielan,81.0,6,$35
J.P. Wiser's 18,81.0,9,$55
Macallan 12 Double Cask,81.0,7,$63
Springbank CV,81.0,9,$39
Tobermory 10,81.0,34,$43
Glenfiddich 15 Distillery Edition,81.0,21,$76
1792 Ridgemont Reserve,80.9,12,$29
Glenfiddich Experimental Series IPA Cask Finish,80.9,9,
J.P. Wiser's Last Barrels,80.9,9,
Wild Turkey Kentucky Spirit,80.9,16,$42
Tamdhu 10,80.9,7,$39
Dalmore 15,80.8,29,$75
Sheep Dip,80.8,11,$41
Glenlivet 15 French Oak Reserve,80.8,61,$53
Jameson Black Barrel Reserve,80.8,5,$46
Kilkerran Work In Progress 5 Sherry Wood,80.8,5,$57
Jura 16,80.8,25,$60
Bulleit Bourbon,80.7,45,$27
Compass Box Peat Monster,80.7,22,$52
1792 Full Proof,80.7,15,$44
Bushmills Black Bush,80.7,9,$32
Four Roses Small Batch Limited Edition 2016,80.7,9,$118
Kilchoman Sauternes Cask Matured,80.7,6,$120
Willett Family Estate Rye 7y,80.7,6,$73
Evan Williams White Label Bottled in Bond,80.6,29,$16
Angel's Envy Bourbon,80.6,25,$47
Balcones Blue Corn Bourbon,80.6,5,$85
Nikka Miyagikyo 10,80.6,5,
Glenmorangie 10 Original,80.5,124,$40
Aberlour 12 Sherry Cask Matured,80.5,8,$47
Balblair 1989,80.5,8,
Bunnahabhain 8 Gordon & MacPhail's Heavily Peated,80.5,6,$50
Compass Box Enlightenment,80.5,6,
Teeling Small Batch,80.5,15,$40
Ardbeg Blasda,80.4,7,$93
J.W. Dant Bottled in Bond,80.4,7,$17
Bunnahabhain Darach Ur,80.4,5,$59
Glenlossie 10 Flora and Fauna,80.4,5,
Tullibardine Sovereign,80.4,5,$65
W.L. Weller Special Reserve,80.4,35,$20
BenRiach 15 Pedro Ximénez,80.3,6,$78
Chivas Regal 21 Royal Salute,80.3,6,$190
Dalmore Cigar Malt,80.3,12,$128
Writers Tears,80.3,6,
Black Maple Hill,80.3,13,$41
Amrut Peated,80.3,7,$50
Balcones True Blue Cask Strength,80.3,7,$60
Balcones Baby Blue,80.3,8,$55
Woodford Reserve Distiller's Select,80.2,47,$34
Glencadam 10,80.2,5,$40
Redbreast Lustau Edition,80.2,10,$66
Jim Beam Bonded,80.2,13,$23
Hazelburn 10,80.1,7,$68
Tomatin 15,80.1,14,$54
Bernheim Original Small Batch Wheat Whiskey,80.1,16,$32
Nikka Taketsuru 12,80.1,12,$64
Craigellachie 13,80.1,15,$45
Aultmore 12,80.0,10,
Bunnahabhain Eirigh Na Greine,80.0,6,
Elijah Craig Small Batch,80.0,9,$29
Forty Creek Evolution,80.0,5,$70
Rock Oyster,80.0,5,
Breckenridge Bourbon,79.9,10,$44
Alberta Dark Batch,79.9,9,$28
Glen Grant 10,79.8,12,$44
BenRiach 17 Septendecim,79.8,5,$70
1792 Port Finish,79.8,12,$42
GlenDronach 8 The Heilan,79.8,8,$33
Johnnie Walker Gold Label,79.7,27,$74
Larceny Small Batch Bourbon,79.7,19,$26
Compass Box Oak Cross,79.7,21,$53
Green Spot,79.7,21,$50
Caol Ila Moch,79.7,6,$60
Royal Lochnagar 12,79.7,9,$55
Baker's 107,79.7,29,$38
Glenfarclas 10,79.6,22,$41
Bowmore 15 Darkest,79.6,42,$81
Still Waters Stalk & Barrel Single Malt,79.5,6,
J.T.S. Brown Bottled in Bond,79.4,7,$12
Evan Williams 1783,79.4,10,$14
Orphan Barrel Blade & Bow,79.4,5,$45
Ardmore Traditional Cask Peated,79.4,31,$46
Macallan Ruby,79.3,6,
Deanston 12,79.3,19,$52
Kavalan Single Malt,79.3,8,$100
Johnnie Walker Blue Label,79.2,35,$161
Belgian Owl,79.2,5,
Glenrothes Alba Reserve,79.2,5,$55
Crown Royal Reserve,79.2,6,
Crown Royal Monarch 75th Anniversary,79.1,7,$40
Edradour 12 Caledonia,79.1,7,$55
Knob Creek Rye,79.1,21,$35
Bruichladdich The Organic,79.1,12,$67
Dalmore Cigar Malt Reserve,79.0,5,
George Dickel No. 12,79.0,9,$23
Laphroaig Select,79.0,13,$40
Macallan Select Oak,79.0,15,$58
Westland American Single Malt,79.0,7,$72
Aberlour 10,79.0,30,$37
Cragganmore 12,79.0,44,$52
Wild Turkey Forgiven,78.9,10,$49
Auchentoshan 12,78.9,38,$51
Buchanan's 12 De Luxe,78.9,9,$31
Jim Beam Signature Craft 12,78.9,9,$39
Jefferson's Reserve,78.9,8,$51
Kirkland Signature 20 Speyside Sherry Cask Finish,78.9,7,$45
Compass Box Hedonism,78.8,31,$86
Amrut Single Cask Bangalore Tiger,78.8,5,$150
Bruichladdich Islay Barley 2009,78.8,5,
BenRiach 12,78.8,16,$56
Hibiki 12,78.7,17,$72
Kavalan Concertmaster,78.7,10,$90
Maker's Mark,78.6,39,$26
Talisker Dark Storm,78.6,8,$65
Royal Brackla 16,78.6,5,
Glenkinchie 12,78.5,33,$52
Tomintoul 16,78.5,11,$59
Bruichladdich Waves,78.5,8,$80
Dalwhinnie Distiller's Edition,78.5,6,$75
George Dickel Rye,78.5,8,$26
Tomintoul 12 Oloroso Finish,78.5,6,$63
Abraham Bowman Vanilla Bean,78.4,5,$70
Lismore 21,78.4,5,$85
Bushmills 10,78.4,11,$40
Basil Hayden's,78.3,18,$35
Oban Little Bay,78.3,6,$84
Paul John Edited,78.3,6,
Mortlach 15 Gordon & MacPhail,78.3,13,$70
Evan Williams Black Label,78.3,20,$13
Glenmorangie Lasanta,78.3,67,$50
Bladnoch 16 1993 Signatory,78.2,5,$80
High West Silver Western Oat,78.2,5,$42
Jack Daniel's Single Barrel,78.2,20,$50
Old Ripy,78.2,5,$80
Johnnie Walker Platinum Label,78.1,18,$95
1792 Sweet Wheat,78.0,15,$38
Do Good Distillery Peat Smoked,78.0,5,$51
Speyburn 10,78.0,21,$27
Strathisla 12,78.0,5,$46
Crown Royal Northern Harvest Rye,77.9,21,$34
Benromach Traditional,77.9,8,$36
Auchentoshan 18,77.9,7,$90
McCarthy's Oregon Single Malt,77.8,6,$42
Glenmorangie Tusail,77.8,10,$100
GlenDronach 15 Tawny Port Finish,77.8,9,$72
Johnnie Walker Double Black,77.7,23,$40
Glenfiddich 14 Bourbon Barrel Reserve,77.7,9,$51
I.W. Harper 15,77.6,5,$55
Johnny Drum Private Stock,77.6,7,$34
Glenrothes 1995,77.5,6,$78
Old Pulteney Navigator,77.5,8,$43
Arran Port Cask Finish,77.4,16,$60
Toronto Distillery Hickory Cask,77.4,5,
Johnnie Walker Swing,77.3,6,$63
Kavalan Sherry Oak,77.3,6,$70
Aberfeldy 12,77.3,26,$44
Singleton of Glendullan 12,77.3,10,$35
Suntory Toki,77.3,7,$46
Johnnie Walker Black Label,77.3,89,$34
Hibiki Japanese Harmony,77.3,12,$94
Glenglassaugh Revival,77.2,5,$75
Forty Creek Barrel Select,77.2,13,$24
Glen Breton 10 Rare,77.1,7,$80
Knappogue Castle 12,77.1,7,$49
Glenfiddich 12,77.1,128,$37
Pig's Nose,77.1,16,$30
Jura Superstition,77.1,37,$51
Black Bottle,77.1,32,$21
Jim Beam Black 8 Double Aged,77.1,19,$27
Do Good Distillery Cherrywood Smoked,77.0,5,$51
Monkey Shoulder,77.0,44,$36
Laphroaig QA Cask,76.9,10,$62
1792 Small Batch,76.9,9,$27
Still Waters 1+11,76.8,6,
Barrell Bourbon Batch 004,76.8,5,
Dalmore 12,76.7,42,$50
Crown Royal Black,76.5,6,$35
Smokehead,76.5,8,$50
Teeling Single Malt,76.4,7,
Weller 12,76.4,5,
Tomintoul 10,76.3,9,$40
Nikka Coffey Grain,76.3,16,$55
Old Forester 86,76.3,12,$19
Benrinnes 12 (Stronachie),76.2,5,$40
Tomintoul Peaty Tang,76.2,10,$40
Cardhu 12,76.2,30,$44
Old Ballantruan,76.2,6,$40
Bowmore 12,76.2,57,$46
Benromach Organic,76.1,7,$60
Compass Box Asyla,76.1,16,$43
Macallan 12 Fine Oak,76.1,13,$65
Garrison Brothers Single Barrel,76.0,6,
Lark Single Malt Port Cask,76.0,5,$99
Macallan 10 Sherry,76.0,6,$73
Glenlivet 12,75.9,111,$35
Orphan Barrel Forged Oak,75.8,6,$67
Dewar's 12,75.8,17,$28
Singleton of Dufftown 12,75.7,7,$34
Glenfiddich 19 Age of Discovery Madeira Cask,75.7,6,$120
Bowmore Gold Reef,75.6,5,
Gooderham & Worts Four Grain,75.6,10,
Parker's Heritage Collection 10th: 24 Bottled in Bond,75.6,5,$230
Wild Turkey 81,75.6,12,$22
Tomatin 12,75.5,32,$30
Jack Daniel's Single Barrel Barrel Proof,75.3,7,$65
Crown Royal Cask No 16,75.2,5,
Jim Beam Devil's Cut,75.2,11,$23
Macallan Amber,75.2,12,$100
Jim Beam Rye,75.1,9,$15
Willett Pot Still Reserve,75.0,6,$51
Mortlach Rare Old,74.9,10,$53
Ancient Ancient Age 10 Star,74.9,7,$15
Jim Beam Black Extra Aged,74.8,6,$20
Deanston Virgin Oak,74.8,15,$34
Four Roses Yellow Label,74.8,18,$19
Tyrconnell Irish Single Malt,74.8,8,$41
Old Grand Dad 86,74.7,10,$13
Bladnoch Pure Scot Blend,74.6,5,
Balcones Brimstone,74.5,18,$64
Glen Grant The Major's Reserve,74.4,9,$28
Scapa Skiren,74.4,5,
Fighting Cock 6,74.3,7,$15
Auchentoshan Classic,74.2,10,$33
Do Good Distillery Benevolent Czar,74.2,6,$49
Fettercairn Fior,74.0,5,$41
Glen Moray 12,74.0,8,$33
Speyside 12,74.0,5,
Glenlivet Master Distiller's Reserve,73.9,9,$49
Cutty Sark Prohibition Edition,73.9,7,$32
Isle of Skye 8 Ian Macleod,73.9,7,$27
Connemara Peated,73.8,17,$49
Dimple Pinch 15,73.7,11,$30
Mellow Corn,73.7,16,$13
Ardmore Legacy,73.6,8,$53
Stranahan's Diamond Peak,73.3,10,$70
Glengoyne 10,73.1,11,$42
Tullamore Dew,73.0,5,$20
Macallan Rare Cask,72.8,13,$318
Old Fitzgerald Bottled in Bond,72.7,7,$18
Aberfeldy 18,72.6,5,
Glenfiddich 12 Caoran Reserve,72.6,5,$160
Old Charter 8,72.6,7,$14
Bruichladdich Peat,72.4,5,$57
Chivas Regal 18,72.4,8,$50
Bowmore Small Batch,72.3,9,$46
Jura 10 Origin,72.3,35,$35
Tomatin Cù Bòcan,72.2,5,
Jefferson's Very Small Batch,72.0,8,$23
Nikka Pure Malt Red,72.0,5,$70
Teacher's Highland Cream,72.0,10,$25
Ballantine's Finest,71.9,7,$20
Liberty Pole Spirits Rye,71.9,7,$47
Famous Grouse,71.7,19,$24
Jameson,71.7,22,$25
Canadian Club Chairman's Select 100% Rye,71.6,8,$27
Black Grouse,71.5,13,$26
Old Overholt Rye,71.3,8,$18
Old Crow,71.2,6,$12
Do Good Distillery Beechwood Smoked,71.0,6,$51
J.P. Wiser's Deluxe,71.0,6,
Auchentoshan American Oak,70.9,14,$48
Macallan Gold,70.9,14,$56
Buffalo Distillery One Foot Cock Bourbon,70.8,6,$44
Bushmills Original,70.8,10,$26
Powers Gold Label 12,70.6,5,$22
Glenrothes Select Reserve,70.3,13,$47
Old Crow Reserve,70.2,5,$12
Rebel Yell,70.2,6,$11
Liberty Pole Spirits Peated Bourbon,70.0,6,$57
Jack Daniel's Old No. 7,69.8,35,$23
Jim Beam White Label,69.6,32,$17
Ileach,69.4,5,$35
Scallywag,69.4,5,
Chivas Regal 12,69.3,53,$32
Penderyn Madeira,69.2,5,$110
Glenlivet Founder's Reserve,69.1,10,$48
Jameson Caskmates Stout Edition,69.0,7,$29
Grant's Family Reserve,68.9,7,$18
McClelland Speyside,68.4,5,$25
Wayne Gretzky No. 99 Red Cask,68.4,8,$35
White Oak Akashi NAS Blend,67.8,6,$39
Crown Royal,67.1,12,$27
Templeton Rye,65.9,7,$39
Balvenie Tun 1858 Batch #2,65.1,7,
Bowmore Legend,65.1,18,$27
Jack Daniel's Gentleman Jack,64.9,14,$28
McClelland Highland,64.8,8,$26
Canadian Club,63.3,6,$12
McClelland Islay,62.9,19,$26
Lismore,62.8,6,$20
Cutty Sark,62.4,16,$21
Canadian Club Premium,62.2,5,
Old St. Andrews Clubhouse,62.2,5,$48
Speyburn Bradan Orach,62.1,8,$20
Buffalo Trace White Dog Mash #1,59.6,7,$17
Canadian Club Small Batch Classic 12,58.8,6,$40
Hudson Baby Bourbon,58.2,6,$90
Dewar's White Label,57.7,30,$21
Seagram's Seven Crown,55.4,7,$16
Kilbeggan,52.4,5,$20
Compass Box Orangerie,49.8,6,$50
Johnnie Walker Red Label,47.0,52,$23
Bastille 1789,47.0,6,$30
J&B Rare,46.8,12,$18
Passport Scotch,42.0,6,$10
Clan MacGregor,39.2,7,$14
,,,
,,,
,,,
,,,
,,,
,,,
,,,
,,,
,,,
,,,
,,,
,,,
,,,
,,,
,,,
,,,
,,,
,,,
,,,
,,,
,,,
,,,
,,,
,,,
,,,
,,,
,,,
,,,
,,,
,,,
,,,
,,,
,,,
,,,
,,,
,,,
,,,
,,,
,,,
,,,
,,,
,,,
,,,
,,,
,,,
,,,
,,,
,,,
,,,
,,,
,,,
,,,
,,,
,,,
,,,
,,,
,,,
,,,
,,,
,,,
,,,
,,,
,,,
,,,
,,,
,,,
,,,
,,,
,,,
,,,
,,,
,,,
,,,
,,,
,,,
,,,
,,,
,,,
,,,
,,,
,,,
,,,
,,,
,,,
,,,
,,,
,,,
,,,
,,,
,,,
,,,
,,,
,,,
,,,
,,,
,,,
,,,
,,,
,,,
,,,
,,,
,,,
,,,
,,,
,,,
,,,
,,,
,,,
,,,
,,,
,,,
,,,
,,,
,,,
,,,
,,,
,,,
,,,
,,,
,,,
,,,
,,,
,,,
,,,
,,,
,,,
,,,
,,,
,,,
,,,
,,,
,,,
,,,
,,,
,,,
,,,
,,,
,,,
,,,
,,,
,,,
,,,
,,,
,,,
,,,
,,,
,,,
,,,
,,,
,,,
,,,
,,,
,,,
,,,
,,,
,,,
,,,
,,,
,,,
,,,
,,,
,,,
,,,
,,,
,,,
,,,
,,,
,,,
,,,
,,,
,,,
,,,
,,,
,,,
,,,
,,,
,,,
,,,
,,,
,,,
,,,
,,,
,,,
,,,
,,,
,,,
,,,
,,,
,,,
,,,
,,,
,,,
,,,
,,,
,,,
,,,
,,,
,,,
,,,
,,,
,,,
,,,
,,,
,,,
,,,
,,,
,,,
,,,
,,,
,,,
,,,
,,,
,,,
,,,
,,,
,,,
,,,
,,,
,,,
,,,
,,,
,,,
,,,
,,,
,,,
,,,
,,,
,,,
,,,
,,,
,,,
,,,
,,,
,,,
,,,
,,,
,,,
,,,
,,,
,,,
,,,
,,,
,,,
,,,
,,,
,,,
,,,
,,,
,,,
,,,
,,,
,,,
,,,
,,,
,,,
,,,
,,,
,,,
,,,
,,,
,,,
,,,
,,,
,,,
,,,
,,,
,,,
,,,
,,,
,,,
,,,
,,,
,,,
,,,
,,,
,,,
,,,
,,,
,,,
,,,
,,,
,,,
,,,
,,,
,,,
,,,
,,,
,,,
,,,
,,,
,,,
,,,
,,,
,,,
,,,
,,,
,,,
,,,
,,,
,,,
,,,
,,,
,,,
,,,
,,,
,,,
,,,
,,,
,,,
,,,
,,,
,,,
,,,
,,,
,,,
,,,
,,,
,,,
,,,
,,,
,,,
,,,
,,,
,,,
,,,
,,,
,,,
,,,
,,,
,,,
,,,
,,,
,,,
,,,
,,,
,,,
,,,
,,,
,,,
,,,
,,,
,,,
,,,
,,,
,,,
,,,
,,,
,,,
,,,
,,,
,,,
,,,
,,,
,,,
,,,
,,,
,,,
,,,
,,,
,,,
,,,
,,,
,,,
,,,
,,,
,,,
,,,
,,,
,,,
,,,
,,,
,,,
,,,
,,,
,,,
,,,
,,,
,,,
,,,
,,,
,,,
,,,
,,,
,,,
,,,
,,,
,,,
,,,
,,,
,,,
,,,
,,,
,,,
,,,
,,,
,,,
,,,
,,,
,,,
,,,
,,,
,,,
,,,
,,,
,,,
,,,
,,,
,,,
,,,
,,,
,,,
,,,
,,,
,,,
,,,
,,,
,,,
,,,
,,,
,,,
,,,
,,,
,,,
,,,
,,,
,,,
,,,
,,,
,,,
,,,
,,,
,,,
,,,
,,,
,,,
,,,
,,,
,,,
,,,
,,,
,,,
,,,
,,,
,,,
,,,
,,,
,,,
,,,
,,,
,,,
,,,
,,,
,,,
,,,
,,,
,,,
,,,
,,,
,,,
,,,
,,,
,,,
,,,
,,,
,,,
,,,
,,,
,,,
,,,
,,,
,,,
,,,
,,,
