"Top whiskies by user, sorted by the user's number of ratings. Multiple columns after D means the user had whiskies tied for highest rated. ",,,,,,,,,,,,,,,,,,,,,
Reviewer's Reddit Username,avg Reviewer Rating,count Reviewer Rating,max Reviewer Rating,1st highest rating,,,,,,,,,,,,,,,,,
TOModera,78,1417,92,Ardbeg 27 1973 Old Malt Cask,Ardbeg Lord of the Isles,,,,,,,,,,,,,,,,
Unclimbability,75,674,93,Brora 30 (2004 Release),Mortlach 1972 Old Malt Cask,,,,,,,,,,,,,,,,
muaddib99,81,617,95,Ardbeg Lord of the Isles,George T. Stagg 2014,,,,,,,,,,,,,,,,
HawkI84,87,615,99,Ardbeg 27 1972 Old Malt Cask,,,,,,,,,,,,,,,,,
Shane_IL,82,561,100,Ardbeg Ardbog,Benromach 10 100 Proof,Laphroaig Cairdeas 2014 Amontillado,Talisker 10,,,,,,,,,,,,,,
Madgraf,85,524,100,Pappy Van Winkle Family Reserve Bourbon 15 2009,,,,,,,,,,,,,,,,,
devoz,85,518,97,GlenDronach 43 1971 Single Cask PX,,,,,,,,,,,,,,,,,
xile_,85,513,98,GlenDronach 43 1971 Single Cask PX,,,,,,,,,,,,,,,,,
throwboats,88,490,97,Brora 30,Bruichladdich Black Art 3.1,,,,,,,,,,,,,,,,
t8ke,80,482,100,Clynelish SMWS 26.105 Bumblebees by the Sea,,,,,,,,,,,,,,,,,
cake_my_day,83,459,96,GlenDronach 20 1990 Single Cask Oloroso,,,,,,,,,,,,,,,,,
MajorHop,79,451,96,George T. Stagg 2013,,,,,,,,,,,,,,,,,
Texacer,84,405,99,Benrinnes 23,Laphroaig Cairdeas 2013 Portwood,,,,,,,,,,,,,,,,
I_SAID_NO_GOLDFISH,73,399,95,European Bourbon Rye Association 15,Four Roses OESV Bourbon Crusaders,Michter's 10 Bourbon,National Distiller's Old Grand Dad 114 Lot #1,Wild Turkey Kentucky Legend Barrel Proof Donut #36,Willett Family Estate Bourbon 11 #806 Aged Truth,Willett Family Estate Bourbon 21 #3684 The Natural,,,,,,,,,,,
Ethanized,82,395,95,Bruichladdich Octomore 2.2 Orpheus,,,,,,,,,,,,,,,,,
UncleTobys,82,325,98,Ardbeg Supernova 2010,,,,,,,,,,,,,,,,,
theslicknick6,70,314,97,Bruichladdich 14 Valinch Oloroso Cask,Karuizawa 13 Anniversary Cask Sherry Cask,,,,,,,,,,,,,,,,
Dworgi,80,308,98,Ardbeg Alligator,,,,,,,,,,,,,,,,,
LetThereBeR0ck,88,299,98,Benrinnes 23,,,,,,,,,,,,,,,,,
kdz13,85,296,98,Glenlivet 33 1981 The Ultimate #9467,,,,,,,,,,,,,,,,,
strasse007,85,291,97,Laphroaig Cairdeas 2013 Portwood,,,,,,,,,,,,,,,,,
cjotto9,84,269,92,Balvenie 30,Caol Ila 14 Sherry Cask,Talisker 25,,,,,,,,,,,,,,,
signde,84,262,100,Very Old Fitzgerald Bottled in Bond 8 1958,,,,,,,,,,,,,,,,,
kinohead,83,255,94,Ardbeg 27 1972 Old Malt Cask,,,,,,,,,,,,,,,,,
TheWhiskeyJug,85,252,97,Four Roses Small Batch Limited Edition 2013 125th Anniversary,High West Rocky Mountain Rye 16,,,,,,,,,,,,,,,,
Whisky_Lads,84,251,100,Ardbeg Lord of the Isles,,,,,,,,,,,,,,,,,
washeewashee,82,249,96,Bruichladdich 16 First Growth Cuvee: A Pauillac Chateau Lafite,Hibiki 21,,,,,,,,,,,,,,,,
Lasidar,85,224,98,Bruichladdich Black Art 4.1,,,,,,,,,,,,,,,,,
Sinjun86,89,194,95,Benromach 35,Bladnoch SMWS. 50.51 ,,,,,,,,,,,,,,,,
ayedfy,84,174,98,Bruichladdich Black Art 3.1,,,,,,,,,,,,,,,,,
ChainChompsky,86,171,100,Highland Park 18,,,,,,,,,,,,,,,,,
unbreakablesausage,83,165,96,Macallan 10 Cask Strength,,,,,,,,,,,,,,,,,
mattofmattfame,85,162,96,Talisker 1994 Managers' Choice,,,,,,,,,,,,,,,,,
Zillah1985,83,160,99,William Larue Weller 2014,,,,,,,,,,,,,,,,,
esajz24,84,157,95,Bladnoch 9 Peated,Caol Ila 1979 OMC,Caol Ila 1982 Archives,Karuizawa 1962 cask #6426,,,,,,,,,,,,,,
cpfselfbuilt,85,155,96,Caol Ila 30,,,,,,,,,,,,,,,,,
ecb29,81,155,100,Benrinnes 23,,,,,,,,,,,,,,,,,
Allumina,83,153,97,Bunnahabhain 32 Berry's,,,,,,,,,,,,,,,,,
TwiddleDD,80,151,94,Springbank 22 SMWS 27.110,,,,,,,,,,,,,,,,,
rockindaddy,84,151,98,Benrinnes 23,,,,,,,,,,,,,,,,,
gildedrain,87,149,97,Glengoyne 25,,,,,,,,,,,,,,,,,
orehnmadgib,71,148,88,Bunnahabhain 28 1977 Scott's Selection,,,,,,,,,,,,,,,,,
Jan-12,81,141,91,Ardbeg 10,,,,,,,,,,,,,,,,,
j4ni,85,137,100,Port Ellen 2nd Annual Release,,,,,,,,,,,,,,,,,
headlessparrot,82,135,95,Four Roses Small Batch Limited Edition 2013 125th Anniversary,J.P. Wiser's Legacy,,,,,,,,,,,,,,,,
rmill3r,80,135,100,Laphroaig Cairdeas 2013 Portwood,,,,,,,,,,,,,,,,,
mentel42,85,134,99,Thomas H. Handy 2013,,,,,,,,,,,,,,,,,
ernestreviews,89,125,100,AnCnoc 1975,Benrinnes 23,Bruichladdich Octomore 2.2 Orpheus ,,,,,,,,,,,,,,,
dmsn7d,83,122,94,Ardbeg Uigeadail,Ardmore 16 SMWS 66.62,,,,,,,,,,,,,,,,
DE884,83,118,93,Yamazaki 1986 Mizunara Butt,,,,,,,,,,,,,,,,,
JCappy,83,112,97,Ardbeg Uigeadail,,,,,,,,,,,,,,,,,
belbivfreeordie,86,112,97,GlenDronach 17 1996 Single Cask PX,,,,,,,,,,,,,,,,,
madgraf,86,111,94,Ardbeg 28 1972 Old Malt Cask,Ballantine's 17,Balvenie Tun 1401 Batch #3,Balvenie Tun 1401 Batch #9,Bruichladdich 22 Single Barrel Calvados Cask,"Clynelish 29 SMWS 26.102 ""Pomanders in a Lady's Parlour""",Colonel E.H. Taylor Straight Rye,Compass Box The General,George T. Stagg 2012,Glen Grant 39 1972 Whisky-Doris Sherry Hogshead,JPS 18 Batch 14,Macallan 18,Oban 18,Speyside Region 41 Whisky-Fassle 1975,WFE 9 Bourbon Barrel #182 from Liquor Barn,Wild Turkey Cheesy Gold Foil,Wild Turkey Kentucky Legend Barrel Proof Donut,William Larue Weller 2013
tvraisedme,81,111,93,Glenlivet 33 1981 The Ultimate #9467,,,,,,,,,,,,,,,,,
razzafrachen,84,110,97,Port Ellen 22 (The Bottlers),,,,,,,,,,,,,,,,,
gaxkang,86,103,96,Aberlour A'bunadh batch #19,GlenDronach 17 1996 Single Cask PX,,,,,,,,,,,,,,,,
Scotch_Fanatic,81,102,97,Caol Ila 30 Old & Rare,Hakushu 14 SMWS 120.7,,,,,,,,,,,,,,,,
Tja_so,86,99,95,BenRiach 35 1976,Benrinnes 23,GlenDronach 20 1993 Single Cask Oloroso,,,,,,,,,,,,,,,
dustlesswalnut,87,99,98,Balvenie Tun 1401 Batch #6,Balvenie Tun 1401 Batch #9,Compass Box The General,,,,,,,,,,,,,,,
SPG2469,82,98,96,Glendronach 19 1995 Single Cask,,,,,,,,,,,,,,,,,
reddbdb,84,98,96,Ardbeg Ardbog,,,,,,,,,,,,,,,,,
xreekinghavocx,83,97,96,Elijah Craig Barrel Proof,,,,,,,,,,,,,,,,,
NobleArc,80,96,93,Balvenie 30,Balvenie Tun 1509 Batch #4,,,,,,,,,,,,,,,,
MicMumbles,83,90,100,High West A Midwinter Nights Dram,,,,,,,,,,,,,,,,,
Trexid,85,90,98,Lagavulin 12,,,,,,,,,,,,,,,,,
DistillAsian,84,89,93,Ardbeg 27 1972 Old Malt Cask ,,,,,,,,,,,,,,,,,
hailchaos,87,89,98,Glenfarclas 17,,,,,,,,,,,,,,,,,
slanderousu,78,89,95,Heartwood The Beagle 3,,,,,,,,,,,,,,,,,
bigmoneysalsa,80,88,95,Heartwood Convict Release,Springbank 12 Cask Strength,Springbank 12 Fino Sherry Single Cask,,,,,,,,,,,,,,,
cpelletier89,86,87,96,Aberlour 11 Duncan Taylor NC2,Aultmore 1992 SMWS 73.45,Highland Park 25,Laphroaig Quarter Cask,Macallan 18 Sherry,,,,,,,,,,,,,
gleaver49,86,87,94,Booker's Rye,Willett Family Estate 11 Year Barrel 1030,,,,,,,,,,,,,,,,
ODMBitters,81,83,93,Ardbeg Uigeadail,,,,,,,,,,,,,,,,,
This_Is_BearDog,81,83,92,Elijah Craig Barrel Proof Batch A117,,,,,,,,,,,,,,,,,
mrz1988,88,80,96,Glenfarclas 40,Glenfarclas 40,,,,,,,,,,,,,,,,
Father_Boddingtons,88,75,99,GlenDronach Cask Strength,,,,,,,,,,,,,,,,,
thatguy142,86,75,99,Balvenie Tun 1401 Batch #3,,,,,,,,,,,,,,,,,
ComputerGeek485,84,74,98,Thomas H. Handy 2013,,,,,,,,,,,,,,,,,
thememeisalie,87,73,96,Laphroaig Cairdeas 2014 Amontillado,,,,,,,,,,,,,,,,,
WildOscar66,87,72,96,George T. Stagg 2015,,,,,,,,,,,,,,,,,
the_muskox,80,71,93,Laphroaig 27,,,,,,,,,,,,,,,,,
docjones12,88,68,98,William Larue Weller 2013,,,,,,,,,,,,,,,,,
jleese,85,65,95,Kilchoman Port Cask Matured,,,,,,,,,,,,,,,,,
Daft_Hunk,83,63,100,Yamazaki 1986 Single Sherry Cask,,,,,,,,,,,,,,,,,
Imaslapyou,88,62,98,Bruichladdich Black Art 4.1 ,,,,,,,,,,,,,,,,,
Allurex,83,60,94,Aberlour A'bunadh batch #47,Laphroaig 10 Cask Strength,,,,,,,,,,,,,,,,
jonker1541,69,60,90,Bruichladdich Octomore 4.2_167 Comus ,Johnnie Walker Blue Label,,,,,,,,,,,,,,,,
spg2469,78,60,95,Four Roses Single Barrel Private Selection OESK,Glengoyne 18,Compass Box This is not a luxury Whisky,,,,,,,,,,,,,,,
anagama,83,59,93,Elijah Craig Barrel Proof,Van Winkle Family Reserve Rye 13 2014,,,,,,,,,,,,,,,,
Snake_Byte,75,58,94,Aberlour 16 Cask Strength,,,,,,,,,,,,,,,,,
all_smoke_n_mirrors,86,58,94,Heartwood Any Port in a Storm,,,,,,,,,,,,,,,,,
Rev_Lijah,86,57,96,George T. Stagg 2012,,,,,,,,,,,,,,,,,
Rhetoriclese,84,56,92,GlenDronach 19 1993 Single Cask Oloroso,Hazelburn 8,,,,,,,,,,,,,,,,
shooterflatch,88,56,96,William Larue Weller 2014,,,,,,,,,,,,,,,,,
hryelle,87,54,99,Glenfarclas 40,,,,,,,,,,,,,,,,,
vanPe1t,84,54,94,Glenfarclas 40,,,,,,,,,,,,,,,,,
joehahn,79,53,100,High West Campfire,,,,,,,,,,,,,,,,,
Boyd86,80,52,97,GlenDronach 43 1971 Single Cask PX,,,,,,,,,,,,,,,,,
lvl1dramacenter,78,52,91,Macphunn 19,,,,,,,,,,,,,,,,,
tintin777,71,52,91,Lagavulin 16,,,,,,,,,,,,,,,,,
EMoneySC2,87,51,98,WhistlePig Boss Hog,,,,,,,,,,,,,,,,,
buddy_dosser,87,51,95,Longrow 12 2002 Cadenheads,,,,,,,,,,,,,,,,,
maxrecline,86,51,95,BenRiach 17 Solstice,,,,,,,,,,,,,,,,,
revanon,80,51,90,Laphroaig Quarter Cask,,,,,,,,,,,,,,,,,
FuzzyWildcat,82,50,94,Thomas H. Handy 2016,,,,,,,,,,,,,,,,,
Gaija,88,50,93,Bruichladdich Octomore 6.3,Kilchoman Madeira Cask,Kilchoman Sanaig,,,,,,,,,,,,,,,
MTMR,85,48,97,Abraham Bowman Double Barrel,,,,,,,,,,,,,,,,,
Rallerboy888,82,48,97,Bruichladdich Octomore 6.2,,,,,,,,,,,,,,,,,
WornEngineer,82,46,91,Aberlour A'bunadh batch #40,Four Roses Single Barrel,Four Roses Single Barrel,Macallan Sherry Cask Strength,Talisker 10,,,,,,,,,,,,,
Joan_de_Gant,67,45,90,Ardbeg Corryvreckan,Ardbeg Uigeadail,,,,,,,,,,,,,,,,
Seienshin,85,44,99,Kilchoman Single Cask Oloroso,,,,,,,,,,,,,,,,,
RustyPipes,84,43,98,"Evan Williams Single Barrel 2001	",Laphroaig 16 1997 Signatory CS,Laphroaig 25 Cask Strength 2011,,,,,,,,,,,,,,,
filez41,84,43,95,Four Roses Small Batch Limited Edition 2014 ,George T. Stagg 2014,,,,,,,,,,,,,,,,
Thpbltblt,75,40,88,Colonel E.H. Taylor Barrel Proof,,,,,,,,,,,,,,,,,
chickenium,87,40,97,Balvenie Tun 1401 Batch #4,,,,,,,,,,,,,,,,,
onePun,88,40,96,Ardbeg Uigeadail,,,,,,,,,,,,,,,,,
uninnocent,84,40,95,Laphroaig 11 Dun Bheagan,,,,,,,,,,,,,,,,,
hebephrenic,87,39,99,Pappy Van Winkle Family Reserve Bourbon 15,,,,,,,,,,,,,,,,,
rhabarba,85,39,96,Ardbeg Twenty Something,,,,,,,,,,,,,,,,,
Jefersonthepisces,87,38,95,Eagle Rare 17,Four Roses Single Barrel Limited Edition 2012,George T. Stagg 2012,,,,,,,,,,,,,,,
Stringfellow-Hawke,87,38,95,George T. Stagg 2014,High West Rendezvous Rye,Parker's Heritage Collection 8th: Wheat Whiskey,,,,,,,,,,,,,,,
CalZeta,84,37,95,Four Roses Single Barrel Private Selection OBSK,,,,,,,,,,,,,,,,,
Jwilly019,83,37,98,Parker's Heritage Collection 4th: Wheated Mash Bill,,,,,,,,,,,,,,,,,
his_dudeness,86,37,97,Laphroaig 10 Cask Strength,,,,,,,,,,,,,,,,,
adam8822,88,36,98,Four Roses Single Barrel Limited Edition 2013,,,,,,,,,,,,,,,,,
bubsyouruncle,81,36,96,Laphroaig Quarter Cask,,,,,,,,,,,,,,,,,
sodo_moj0,88,36,97,Eagle Rare 17 2013,,,,,,,,,,,,,,,,,
12side,78,35,95,Ardbeg Uigeadail,,,,,,,,,,,,,,,,,
Dramonaut,87,35,95,High West A Midwinter Nights Dram Act 2.x,,,,,,,,,,,,,,,,,
dirty_dale,86,35,95,Willett Family Estate 8 Rye,,,,,,,,,,,,,,,,,
lordhawkthefirst,78,35,93,Laphroaig 10 Cask Strength Batch 008,,,,,,,,,,,,,,,,,
trzk,85,35,98,Four Roses Small Batch Limited Edition 2013 125th Anniversary,,,,,,,,,,,,,,,,,
Mr_dkatz,85,34,94,Laphroaig Cairdeas 2013 Portwood,,,,,,,,,,,,,,,,,
WhiskeyMasterRace,82,34,98,Laphroaig Cairdeas 2013 Portwood,,,,,,,,,,,,,,,,,
throzen,84,34,90,Adelphi Limerick Selection Slaney Malt 23 1991,Bunnahabhain 12,,,,,,,,,,,,,,,,
pepe_le_shoe,76,33,95,Benrinnes 14 1999 Lady of the Glen,,,,,,,,,,,,,,,,,
skuzbuket,75,33,97,Four Roses Single Barrel,,,,,,,,,,,,,,,,,
KW160,85,32,94,Lagavulin 16,,,,,,,,,,,,,,,,,
raevnos,79,32,92,Glenfarclas 12,,,,,,,,,,,,,,,,,
troyk890,86,32,95,Laphroaig 12 1965/1977 Cadenhead,,,,,,,,,,,,,,,,,
JoeTerp13,86,31,95,Thomas H Handy 2016,,,,,,,,,,,,,,,,,
StinkySauce,84,31,94,Four Roses Single Barrel Private Selection OBSK,,,,,,,,,,,,,,,,,
marcusmv3,86,31,94,Wild Turkey Decades,,,,,,,,,,,,,,,,,
ozmalt_jones,88,31,95,Heartwood Any Port in a Storm,,,,,,,,,,,,,,,,,
ziggy1283,85,31,98,Old Pulteney 1990 Limited Edition,,,,,,,,,,,,,,,,,
Ardbeg_Head,86,30,98,Ardbeg Uigeadail,,,,,,,,,,,,,,,,,
dannyg483,87,30,97,Four Roses Small Batch Limited Edition 2013 125th Anniversary,,,,,,,,,,,,,,,,,
stonecoldstevehawkng,88,30,95,Colonel E.H. Taylor Single Barrel,,,,,,,,,,,,,,,,,
Brian_MB_05,85,29,94,BenRiach 15 Single Cask,GlenDronach 17 1996 Single Cask PX,Macallan Sherry Cask Strength,Talisker 25,Talisker Distiller's Edition 1999,,,,,,,,,,,,,
DaeniusZ,84,29,98,Parker's Heritage Collection 11th 11 Year 2017 Single Barrel Barrel Proof,,,,,,,,,,,,,,,,,
leroideschoux,85,29,99,Laphroaig 14 1998 Signatory,,,,,,,,,,,,,,,,,
BigPapiC-Dog,82,28,94,Laphroaig Cairdeas 2013 Portwood,,,,,,,,,,,,,,,,,
CandyMan77,81,28,96,Talisker 57° North,,,,,,,,,,,,,,,,,
barbecue_scotch,77,28,97,Aberlour 1987 Scott's Selection,,,,,,,,,,,,,,,,,
dlofx,90,28,97,George T. Stagg 2012,George T. Stagg 2015,,,,,,,,,,,,,,,,
ienjoyopium,83,28,96,William Larue Weller 2007,,,,,,,,,,,,,,,,,
szila,87,28,94,Bruichladdich Port Charlotte 13 Rest & Be Thankful Jurançon,,,,,,,,,,,,,,,,,
ahugenerd,75,27,90,Deerstalker 18,Glenlivet 16 Nadurra,,,,,,,,,,,,,,,,
le_canuck,81,27,93,Benromach 10,,,,,,,,,,,,,,,,,
Implar,84,26,89,Benromach 10,,,,,,,,,,,,,,,,,
StudioRat,86,26,93,Crown Royal Reserve,Kilchoman Spring Release 2011,,,,,,,,,,,,,,,,
bieliebielie,81,26,93,Laphroaig Quarter Cask,Talisker 10,,,,,,,,,,,,,,,,
boyyouguysaredumb,87,26,93,Balvenie 15 Single Barrel,,,,,,,,,,,,,,,,,
fat-chunk,82,26,95,Laphroaig Quarter Cask,,,,,,,,,,,,,,,,,
radiozip,82,26,95,Pappy Van Winkle Family Reserve Bourbon 15,,,,,,,,,,,,,,,,,
Biomortis,74,25,95,Glenmorangie Astar,,,,,,,,,,,,,,,,,
Comintern,82,25,90,Ardbeg 10,Knob Creek 9 Small Batch,Nikka Whisky From The Barrel,Oban 14,,,,,,,,,,,,,,
Gr1ggs,84,25,95,GlenDronach Cask Strength Batch 4,,,,,,,,,,,,,,,,,
ImGrate,89,25,95,Ardbeg Corryvreckan,Laphroaig 10 Cask Strength,Laphroaig 18,,,,,,,,,,,,,,,
MJacket_,83,25,95,Thomas H. Handy 2013,,,,,,,,,,,,,,,,,
Vertigo666,86,25,98,Laphroaig Cairdeas 2013 Portwood,,,,,,,,,,,,,,,,,
boozedancing,88,25,94,George T. Stagg 2013,,,,,,,,,,,,,,,,,
thatfamousgrouse,88,25,97,Kilkerran Work in Progress 7 Bourbon Wood,Mortlach 20 Cadenhead's Small Batch,Springbank 15,,,,,,,,,,,,,,,
MacMuse,83,24,99,"Four Roses Single Barrel Private Selection OBSK, /r/bourbon",,,,,,,,,,,,,,,,,
Pessimismus,84,24,91,Ardbeg 10,,,,,,,,,,,,,,,,,
Tankles,84,24,94,George T. Stagg 2013,,,,,,,,,,,,,,,,,
bacon_of_the_lake,86,24,95,Ardbeg Uigeadail,Old Weller Antique 107,,,,,,,,,,,,,,,,
celocanth13,85,24,98,Bruichladdich Octomore 6.1,High West A Midwinter Nights Dram,High West Campfire,,,,,,,,,,,,,,,
mfeds,84,24,94,Elijah Craig Barrel Proof,,,,,,,,,,,,,,,,,
nteagle,84,24,90,Balcones Fr.Oak,Willett Family Estate Bourbon,,,,,,,,,,,,,,,,
BourbonScotchWhiskey,89,23,99,Knockando 27 Duncan Taylor,Old Weller Original Gold Vein 1987 ,,,,,,,,,,,,,,,,
Ventronics,84,23,93,Ardbeg Ardbog,,,,,,,,,,,,,,,,,
bleego,87,23,96,Amrut Portonova,,,,,,,,,,,,,,,,,
chasz788,86,23,100,Laphroaig Cairdeas 2013 Portwood,,,,,,,,,,,,,,,,,
jphank,84,23,98,Ardbeg 1974 cask #3498,,,,,,,,,,,,,,,,,
vertical_bog,85,23,95,Laphroaig Cairdeas 2013 Portwood,,,,,,,,,,,,,,,,,
DDukedesu,84,22,94,Laphroaig Cairdeas 2013 Portwood,Talisker 18,,,,,,,,,,,,,,,,
DirtLoves,87,22,98,GlenDronach 19 1993 Single Cask Oloroso,,,,,,,,,,,,,,,,,
TheJPedia,87,22,93,Caol Ila 12,Laphroaig 18,,,,,,,,,,,,,,,,
adenzerda,82,22,98,Rittenhouse Rye 25,Rittenhouse Rye 25,,,,,,,,,,,,,,,,
cdig81,83,22,90,Blair Athol 19 Cadenhead Small Batch,,,,,,,,,,,,,,,,,
nsquare14,86,22,94,Laphroaig Cairdeas 2013 Portwood,,,,,,,,,,,,,,,,,
DNApolymerase,82,21,94,Aberlour 12 Non Chill Filtered,,,,,,,,,,,,,,,,,
JCamp4,85,21,97,Stranahan’s Snowflake #18 Mount Evans,,,,,,,,,,,,,,,,,
MonsieurZaccone,82,21,92,Macallan Cask Strength,,,,,,,,,,,,,,,,,
The-Good-Doctor,72,21,92,Laphroaig Cairdeas 2013 Portwood,Laphroaig PX Cask,,,,,,,,,,,,,,,,
jewbageller,84,21,96,Aberlour 12 Non Chill Filtered,,,,,,,,,,,,,,,,,
mapolo29,86,21,92,Benrinnes 14 AD Rattray Sherry Cask,,,,,,,,,,,,,,,,,
michealn,81,21,97,Laphroaig 18,,,,,,,,,,,,,,,,,
msheinberg,86,21,95,Linlithgow 211982  Duncan Taylor,,,,,,,,,,,,,,,,,
soonami,86,21,92,William Larue Weller 2012,,,,,,,,,,,,,,,,,
veni_son,87,21,96,Port Ellen 32 12th Release,,,,,,,,,,,,,,,,,
Grundy23,83,20,100,Angel's Envy Cask Strength,,,,,,,,,,,,,,,,,
Randimosity,87,20,96,George T. Stagg 2012,William Larue Weller 2013,,,,,,,,,,,,,,,,
Slashoom,88,20,98,George T. Stagg 2012,George T. Stagg 2012,George T. Stagg 2012,,,,,,,,,,,,,,,
Treucer,88,20,95,Macallan 12 Sherry,Macallan Sherry Cask Strength,,,,,,,,,,,,,,,,
jamesrc,83,20,95,Cameronbridge 30 1978 Duncan Taylor Rare Auld,,,,,,,,,,,,,,,,,
moinban,88,20,95,Ardbeg Uigeadail,,,,,,,,,,,,,,,,,
primedape,85,20,93,"Tormore 1988 Wemyss ""White Chocolate Torte""",,,,,,,,,,,,,,,,,
sphericalbovinae,87,20,95,Bunnahabhain 25,,,,,,,,,,,,,,,,,
Battlecorgi,83,19,100,Wild Turkey Rare Breed,,,,,,,,,,,,,,,,,
FlockOnFire,81,19,94,Port Charlotte 2007 Heavily Peated,,,,,,,,,,,,,,,,,
Ruud1983,87,19,92,Bunnahabhain 1968 The Whiskyman,,,,,,,,,,,,,,,,,
airsabu,79,19,93,Elijah Craig Barrel Proof Batch #9,,,,,,,,,,,,,,,,,
dramandbass,84,19,96,Balvenie Tun 1401 Batch #8,,,,,,,,,,,,,,,,,
jooni81,87,19,95,Caol Ila 10 Berry Bros & Rudd,Macallan Sherry Cask Strength,,,,,,,,,,,,,,,,
kronkthenarwhal,83,19,94,Elijah Craig Barrel Proof,,,,,,,,,,,,,,,,,
r/Bourbon Community,85,19,93,"Four Roses Single Barrel Private Selection OBSK, /r/bourbon",,,,,,,,,,,,,,,,,
toddnew,87,19,96,Bunnahabhain 18,,,,,,,,,,,,,,,,,
vx2,79,19,95,Elijah Craig Barrel Proof,,,,,,,,,,,,,,,,,
whiskynator,84,19,90,Bowmore SMWS 3.292,,,,,,,,,,,,,,,,,
wvlurker,85,19,93,Macallan Sherry Cask Strength,,,,,,,,,,,,,,,,,
CocktailChemist,78,18,88,Talisker Distiller's Edition 1999,,,,,,,,,,,,,,,,,
HauntedKhan,82,18,91,Kilchoman Loch Gorm,,,,,,,,,,,,,,,,,
OfficerJerd,80,18,88,Old Weller Antique 107,Rittenhouse Rye 100,Wigle Deep Cut Rye,,,,,,,,,,,,,,,
_TiNe_,86,18,93,Springbank 10,,,,,,,,,,,,,,,,,
moogatronic,89,18,94,Ardbeg Corryvreckan,Ardbeg Uigeadail,,,,,,,,,,,,,,,,
zSolaris,80,18,96,Linkwood 24 1991 Chieftain's,,,,,,,,,,,,,,,,,
StillbornReady,90,17,95,Ardbeg Uigeadail,Lagavulin 12,Old Rip Van Winkle 10 ,,,,,,,,,,,,,,,
Swinse,83,17,96,Ardbeg Supernova 2010,,,,,,,,,,,,,,,,,
TangledUpInBleu,78,17,90,Ardbeg Uigeadail,Lagavulin 16,Laphroaig An Cuan Mor,Laphroaig Quarter Cask,Talisker 10,,,,,,,,,,,,,
bbeng89,83,17,91,Smooth Ambler Old Scout Rye 7 ,,,,,,,,,,,,,,,,,
droidicus,83,17,94,Colonel E.H. Taylor Single Barrel,,,,,,,,,,,,,,,,,
r/Scotch Community,84,17,93,Ardbeg Uigeadail,,,,,,,,,,,,,,,,,
rt3506,85,17,92,Tomatin 30,,,,,,,,,,,,,,,,,
An_Imperfect_Guy,78,16,86,Monkey Shoulder,,,,,,,,,,,,,,,,,
BaronScarpia,83,16,94,Auchentoshan Valinch,,,,,,,,,,,,,,,,,
Blenderate,81,16,96,Ardbeg Uigeadail,,,,,,,,,,,,,,,,,
Cannalyzer,82,16,90,Glenmorangie Ealanta,,,,,,,,,,,,,,,,,
Diligent_Nose,86,16,93,Tobermory 15 ,,,,,,,,,,,,,,,,,
Disco_Biscuit,87,16,96,Ardbeg Uigeadail,Laphroaig Quarter Cask,,,,,,,,,,,,,,,,
DnD_References,87,16,93,Aberlour 12 Non Chill Filtered,Talisker 57° North,,,,,,,,,,,,,,,,
Graggy,82,16,90,Laphroaig Cairdeas 2016 Madeira,,,,,,,,,,,,,,,,,
Kilrathi,85,16,92,Alberta Premium Dark Horse,,,,,,,,,,,,,,,,,
Neversafeforlife,84,16,98,Four Roses Small Batch Limited Edition 2013 125th Anniversary,,,,,,,,,,,,,,,,,
buckydean,83,16,93,Bruichladdich Octomore 4.2_167 Comus,,,,,,,,,,,,,,,,,
cpels7,83,16,94,Macallan Sherry Cask Strength,,,,,,,,,,,,,,,,,
jbl7979,87,16,96,Booker's Bourbon,,,,,,,,,,,,,,,,,
kornilov1234,80,16,91,Four Roses Single Barrel,,,,,,,,,,,,,,,,,
lille45,83,16,93,Bunnahabhain 12,Edradour Straight From The Cask Barolo Finish,,,,,,,,,,,,,,,,
spid3rfly,86,16,93,Bulleit Bourbon,Four Roses Single Barrel,,,,,,,,,,,,,,,,
Batchry88,87,15,94,Ardbeg Corryvreckan,,,,,,,,,,,,,,,,,
NoFanSky,86,15,94,Arran 19 Distillery Exclusive 2016,Glen Scotia 16 2000 Cadenhead Sherry Cask,,,,,,,,,,,,,,,,
Rizzpooch,87,15,94,Glenlivet 16 Nadurra,,,,,,,,,,,,,,,,,
The_PharmASSIST,87,15,94,Laphroaig Quarter Cask,,,,,,,,,,,,,,,,,
airpower47,77,15,93,Ardbeg Uigeadail,,,,,,,,,,,,,,,,,
beeteeoh,77,15,84,Ardbeg Uigeadail,,,,,,,,,,,,,,,,,
bow-tie-guy,86,15,94,Ardbeg Uigeadail,,,,,,,,,,,,,,,,,
fenrishunter500,86,15,93,Aberlour A'bunadh batch #47,,,,,,,,,,,,,,,,,
frostillicus,87,15,98,George T. Stagg 2014,,,,,,,,,,,,,,,,,
rocketsmurf,82,15,94,Caol Ila 30 Old & Rare,,,,,,,,,,,,,,,,,
wreninrome,82,15,92,Springbank 10,,,,,,,,,,,,,,,,,
Tormore21,87,14,97,Johnnie Walker Private Collection 2014,,,,,,,,,,,,,,,,,
benrules2,87,14,94,Ardbeg Uigeadail,,,,,,,,,,,,,,,,,
clintonsclit4u,90,14,95,Ardbeg Uigeadail,,,,,,,,,,,,,,,,,
dash101,66,14,90,Kirin Fuji Sanroku 18,Yamazaki 12,,,,,,,,,,,,,,,,
lakerf13ld,82,14,92,Edradour 14 2000 Sherry Cask Strength,,,,,,,,,,,,,,,,,
mountaingoatinSD,84,14,90,Lagavulin 16,,,,,,,,,,,,,,,,,
shatenfreude,91,14,97,Four Roses Small Batch Limited Edition 2012,Parker's Heritage Collection 2nd: 27 Bourbon,,,,,,,,,,,,,,,,
sunsolid,94,14,100,Laphroaig 25 Cask Strength 2009,,,,,,,,,,,,,,,,,
tortrix,87,14,96,Bunnahabhain 21 1991 Dimensions ,,,,,,,,,,,,,,,,,
Letter10,86,13,95,Elijah Craig 20,,,,,,,,,,,,,,,,,
PreyMonkie,81,13,91,GlenDronach 15 Revival,,,,,,,,,,,,,,,,,
SoulShock,87,13,94,Ardbeg Uigeadail,,,,,,,,,,,,,,,,,
Tetriside,75,13,88,Four Roses Small Batch,Wild Turkey 101,,,,,,,,,,,,,,,,
asoiaf7,72,13,96,Benrinnes 14 AD Rattray Sherry Cask,,,,,,,,,,,,,,,,,
bpnelson7,74,13,94,Ardbeg Uigeadail,,,,,,,,,,,,,,,,,
criollo_and_barley,87,13,98,Caol Ila 29 Carn Mor,,,,,,,,,,,,,,,,,
jgoodysalaker,86,13,91,Four Roses Small Batch,,,,,,,,,,,,,,,,,
krisjoon,85,13,91,Laphroaig 18,,,,,,,,,,,,,,,,,
luckyaussiebob,87,13,94,Glenlivet 15 French Oak Reserve,,,,,,,,,,,,,,,,,
vrdubin6,89,13,95,Old Forester Birthday Bourbon 2013,,,,,,,,,,,,,,,,,
zramz,88,13,94,Old Rip Van Winkle 10 ,,,,,,,,,,,,,,,,,
Ambiguo42,88,12,96,Ardbeg Uigeadail,Highland Park 18,Laphroaig Quarter Cask,,,,,,,,,,,,,,,
Anorion,75,12,92,Balvenie 15 Single Barrel,Balvenie 21 Portwood,,,,,,,,,,,,,,,,
Brewrambler,90,12,96,Ardbeg 10,Balvenie 21 Portwood,,,,,,,,,,,,,,,,
Flynn58,72,12,87,Johnnie Walker Gold Label,,,,,,,,,,,,,,,,,
HeldenDrammer,88,12,92,Mortlach 15 Gordon & MacPhail,,,,,,,,,,,,,,,,,
Pole420,82,12,86,Highland Park 12,Talisker 10,,,,,,,,,,,,,,,,
RealRockets,80,12,97,Ardbeg Galileo,,,,,,,,,,,,,,,,,
UpYourButtJobu,88,12,98,Balvenie 17 Peated Cask,,,,,,,,,,,,,,,,,
acoupletwotreethings,84,12,97,Laphroaig Quarter Cask,,,,,,,,,,,,,,,,,
admiralwaffles,87,12,96,Oban 18,,,,,,,,,,,,,,,,,
ericandthelegion,86,12,96,Ardbeg 10,,,,,,,,,,,,,,,,,
fourspace,83,12,99,George T. Stagg 2011,,,,,,,,,,,,,,,,,
glifberg,86,12,95,Aberlour 12 Non Chill Filtered,,,,,,,,,,,,,,,,,
kevinoshea,86,12,93,Laphroaig Quarter Cask,,,,,,,,,,,,,,,,,
kmillns,87,12,98,George T. Stagg 2011,,,,,,,,,,,,,,,,,
thedude710,83,12,92,Bruichladdich K&L Exclusive Peated Single Barrel 2003,,,,,,,,,,,,,,,,,
winnacht,81,12,92,Ardbeg Uigeadail,Glenfarclas 40,Laphroaig Quarter Cask,,,,,,,,,,,,,,,
xmendad,83,12,94,Glenmorangie Nectar D'Or 12,,,,,,,,,,,,,,,,,
ArchibaldHairyTuttle,77,11,93,High West A Midwinter Nights Dram 3.2,,,,,,,,,,,,,,,,,
Jackalgrim,86,11,96,Lagavulin 1995 Distillers Edition,,,,,,,,,,,,,,,,,
RobMagus,76,11,90,Auchentoshan Three Wood,Lagavulin 1994 Distillers Edition ,Yamazaki Puncheon,,,,,,,,,,,,,,,
Sax45,70,11,84,Bulleit Rye,W.L. Weller 12,,,,,,,,,,,,,,,,
SocksTheFox,89,11,96,Glenlivet 16 Nadurra,,,,,,,,,,,,,,,,,
TittyMcFagerson,79,11,90,Aberlour A'bunadh batch #50,,,,,,,,,,,,,,,,,
alarickc,89,11,94,Springbank 19 1996 Fresh Port,Springbank 20 Fresh Sherry,,,,,,,,,,,,,,,,
ardbeg,79,11,94,Laphroaig 20 SMWS 29.99,,,,,,,,,,,,,,,,,
artvandalay381,88,11,92,Four Roses Single Barrel,Four Roses Single Barrel Private Selection OBSF,Lagavulin 16,,,,,,,,,,,,,,,
averagejoe1993,92,11,97,Benrinnes 23 ,Laphroaig Cairdeas 2013 Portwood,Macallan Sherry Cask Strength,,,,,,,,,,,,,,,
baudtack,80,11,95,Laphroaig 10,,,,,,,,,,,,,,,,,
lookitskeith,81,11,85,Glenmorangie Quinta Ruban,,,,,,,,,,,,,,,,,
mamjjasond,91,11,99,Laphroaig 10,,,,,,,,,,,,,,,,,
merlinblack,84,11,98,Laphroaig 13 A. D. Rattray Cask Collection,,,,,,,,,,,,,,,,,
mgmarch,83,11,90,Russell's Reserve Single Barrel,WhistlePig 10 Single Barrel Straight Rye,,,,,,,,,,,,,,,,
narcoleptic_insomnia,88,11,94,Glenfiddich 30,,,,,,,,,,,,,,,,,
BebopScotch,82,10,95,Aberlour A'bunadh batch #39,,,,,,,,,,,,,,,,,
BirdTurgler,85,10,94,Bunnahabhain 25,,,,,,,,,,,,,,,,,
CatalinaWineMixer12,89,10,94,Macallan Sherry Cask Strength,,,,,,,,,,,,,,,,,
ClydeMachine,81,10,90,Aberlour 12 Non Chill Filtered,Springbank 12 Cask Strength Batch 9,,,,,,,,,,,,,,,,
FromPaul,90,10,96,Heartwood Vat Out of Hell,,,,,,,,,,,,,,,,,
GWCad,91,10,95,High West Rendezvous Rye,,,,,,,,,,,,,,,,,
Gator19,81,10,88,Glenfarclas 12,Johnnie Walker Green Label,,,,,,,,,,,,,,,,
Gockel,81,10,90,Cragganmore 17 1999 Cadenhead's,,,,,,,,,,,,,,,,,
Hispes,88,10,95,Evan Williams 23,,,,,,,,,,,,,,,,,
Jimmytbook,89,10,94,Ardbeg Galileo,,,,,,,,,,,,,,,,,
Single-Malt-Savant,84,10,95,Caol Ila 11 Gordon & MacPhail CS,,,,,,,,,,,,,,,,,
blue_cheese_please,84,10,95,Laphroaig Quarter Cask,,,,,,,,,,,,,,,,,
bock_bock,86,10,91,Elijah Craig Barrel Proof,,,,,,,,,,,,,,,,,
borealyaker,82,10,91,Ardbeg Corryvreckan,,,,,,,,,,,,,,,,,
brettrick,80,10,92,Springbank 10 100 Proof,,,,,,,,,,,,,,,,,
daviator88,83,10,94,Aberlour 18,,,,,,,,,,,,,,,,,
devilsadvocate23,85,10,94,Elijah Craig Barrel Proof,,,,,,,,,,,,,,,,,
holladaddy,81,10,95,Ardbeg Uigeadail,,,,,,,,,,,,,,,,,
horizoning,83,10,94,Ardbeg Uigeadail,,,,,,,,,,,,,,,,,
intronic1,87,10,94,Four Roses Single Barrel Private Selection OBSO,,,,,,,,,,,,,,,,,
mister_damage,68,10,89,Famous Grouse 18 Blended Malt,,,,,,,,,,,,,,,,,
nnniiiccckkk1,86,10,95,Ardbeg Corryvreckan,,,,,,,,,,,,,,,,,
radicaleggnog,79,10,98,Colonel E.H. Taylor Cured Oak,Willett Family Estate Rye 6y,,,,,,,,,,,,,,,,
whiskey_violist,89,10,92,Colonel E.H. Taylor Barrel Proof,,,,,,,,,,,,,,,,,
ArdbegYourPardon,82,9,96,Laphroaig Cairdeas 2013 Portwood,,,,,,,,,,,,,,,,,
BryanUsrey,82,9,90,Amrut Portonova,,,,,,,,,,,,,,,,,
KamBC,88,9,97,Ardbeg Corryvreckan,,,,,,,,,,,,,,,,,
KeepItDense,87,9,91,That Boutique-y Whisky Company Blended Whisky No.1 - 35,,,,,,,,,,,,,,,,,
LordHighVisionary,87,9,96,Tamdhu 8 Signatory Cask Strength,,,,,,,,,,,,,,,,,
PeskyPrussian,83,9,92,Aberlour Moncreiffe,,,,,,,,,,,,,,,,,
PlanarianFoster,88,9,97,Laphroaig Cairdeas 2013 Portwood,,,,,,,,,,,,,,,,,
PuckDaFackers,82,9,90,Ardbeg Dark Cove Committee Release,,,,,,,,,,,,,,,,,
SunnyPoe,83,9,95,Macallan Sherry Cask Strength,,,,,,,,,,,,,,,,,
chuiniu,85,9,92,Bruichladdich Octomore 6.1,,,,,,,,,,,,,,,,,
danieljr1992,87,9,96,Glenfarclas 40,,,,,,,,,,,,,,,,,
davers22,77,9,89,GlenDronach 12 Original,,,,,,,,,,,,,,,,,
egzwygart,90,9,96,Balvenie Tun 1401 Batch #3,,,,,,,,,,,,,,,,,
gregbenson314,87,9,92,GlenDronach 23 Cadenhead's Bourbon,,,,,,,,,,,,,,,,,
gx86,86,9,96,Lagavulin 16,,,,,,,,,,,,,,,,,
justicy,82,9,92,Four Roses Single Barrel Private Selection OBSF,,,,,,,,,,,,,,,,,
kalg,82,9,90,Ardbeg Corryvreckan,,,,,,,,,,,,,,,,,
midwestredditor,76,9,90,Balvenie 12 Doublewood,,,,,,,,,,,,,,,,,
peterjoel,86,9,93,Deanston #1 TBDC ,,,,,,,,,,,,,,,,,
skeptikalklown,80,9,89,Pig's Nose,,,,,,,,,,,,,,,,,
sp1ip,86,9,92,Willett Family Estate Bourbon 9y,,,,,,,,,,,,,,,,,
tcsrwm,84,9,90,High West Rendezvous Rye,Old Weller Antique 107,,,,,,,,,,,,,,,,
1up_0,79,8,87,Exclusive Malts 7 2007 Islay ,,,,,,,,,,,,,,,,,
BaroquenRecord,85,8,92,Glenmorangie 10 Original,,,,,,,,,,,,,,,,,
Coltonmiller7,88,8,93,VAT Old Weller Antique 107 + Weller 12 Blend,,,,,,,,,,,,,,,,,
CrackAndWhistle,71,8,90,Old Grand Dad 86 National Distillers,,,,,,,,,,,,,,,,,
Distq,86,8,94,Aberlour A'bunadh batch #47,,,,,,,,,,,,,,,,,
FantasticSlams,88,8,97,Blanton's Original Single Barrel,Colonel E.H. Taylor Barrel Proof,,,,,,,,,,,,,,,,
GreyhoundForTuxedo,82,8,91,Ardbeg Uigeadail,,,,,,,,,,,,,,,,,
Hmm4,87,8,89,Longrow Red Malbec Cask Matured,,,,,,,,,,,,,,,,,
KaiForceOne,89,8,93,Laphroaig 10 Cask Strength,,,,,,,,,,,,,,,,,
Legoaddict,91,8,98,Pappy Van Winkle Family Reserve Bourbon 20,,,,,,,,,,,,,,,,,
Porkpants81,87,8,95,Macallan 17 Fine Oak,Spey River 12,,,,,,,,,,,,,,,,
RushX-1,83,8,89,Ardbeg 10,,,,,,,,,,,,,,,,,
SaltPeanutss,86,8,93,Bunnahabhain Signatory Unchillfiltered,,,,,,,,,,,,,,,,,
ShitStainedLegoBrick,88,8,94,Ardbeg Ardbog,,,,,,,,,,,,,,,,,
SparkTrader,89,8,95,Caol Ila 30 Old & Rare,,,,,,,,,,,,,,,,,
Taigatrommel,74,8,95,BenRiach 10 Curiositas,,,,,,,,,,,,,,,,,
anxst,87,8,93,Ardbeg Uigeadail,,,,,,,,,,,,,,,,,
aphextal,87,8,96,Bruichladdich Octomore 4.2_167 Comus ,,,,,,,,,,,,,,,,,
ounknownto,84,8,91,Talisker 10,,,,,,,,,,,,,,,,,
seamusjr,75,8,82,Compass Box Great King St. Artist's Blend,,,,,,,,,,,,,,,,,
smoked_herring,85,8,90,Balvenie 12 Single Barrel First Fill,,,,,,,,,,,,,,,,,
solace666,88,8,91,Four Roses Single Barrel Private Selection OBSV,Glenlivet 16 Nadurra,Talisker 10,,,,,,,,,,,,,,,
thefaq,85,8,94,High West Rendezvous Rye Boulevardier Finish,,,,,,,,,,,,,,,,,
treydog9999,80,8,90,Talisker Storm,,,,,,,,,,,,,,,,,
ulicqd,86,8,91,Rittenhouse Rye 100,Wild Turkey 101 Rye,,,,,,,,,,,,,,,,
DramFan,82,7,93,Aberlour A'bunadh batch #45,Ardbeg Uigeadail,,,,,,,,,,,,,,,,
Ethenolas,90,7,96,George T. Stagg 2013,,,,,,,,,,,,,,,,,
Fleming007,90,7,93,Laphroaig 18,,,,,,,,,,,,,,,,,
FrustratedRocka,83,7,92,Wild Turkey Kentucky Spirit,,,,,,,,,,,,,,,,,
Godisman,94,7,97,Miltonduff 1969,,,,,,,,,,,,,,,,,
Grutslurp,87,7,92,Laphroaig 10 Cask Strength Batch 7,,,,,,,,,,,,,,,,,
I_637261636b_bits,87,7,94,Glengoyne The Teapot Dram,,,,,,,,,,,,,,,,,
JasonSteelflex,89,7,96,Booker's Bourbon,,,,,,,,,,,,,,,,,
John_Unfil,85,7,95,Laphroaig 18,,,,,,,,,,,,,,,,,
Juke_Box,78,7,91,Talisker 10,,,,,,,,,,,,,,,,,
Mail_Me_Yuengling,72,7,91,Bruichladdich The Laddie Ten,Laphroaig 10,,,,,,,,,,,,,,,,
NickCharles,88,7,95,WhistlePig Boss Hog,,,,,,,,,,,,,,,,,
Piratewhisky410,89,7,98,Glenlivet 16 Nadurra,,,,,,,,,,,,,,,,,
Szpachla,82,7,96,Benrinnes 26 1982 The Bottlers,,,,,,,,,,,,,,,,,
TheeBeeDeeGee,74,7,91,Laphroaig 10 Cask Strength Batch 5,,,,,,,,,,,,,,,,,
bammarito,82,7,90,WhistlePig 10 Straight Rye,,,,,,,,,,,,,,,,,
boonz,78,7,88,Highland Park 12,,,,,,,,,,,,,,,,,
bradbobaggins,85,7,89,Pikesville Rye,,,,,,,,,,,,,,,,,
bs870621345,84,7,95,William Larue Weller 2013,,,,,,,,,,,,,,,,,
grampadeal,84,7,90,Stagg Jr. Batch #5,,,,,,,,,,,,,,,,,
joelb,81,7,89,Lagavulin 16,,,,,,,,,,,,,,,,,
leemill02,85,7,94,Highland Park 21,,,,,,,,,,,,,,,,,
mysundayscheming,78,7,89,Rittenhouse Rye 100,,,,,,,,,,,,,,,,,
pacifien,88,7,95,Glenmorangie Ealanta,,,,,,,,,,,,,,,,,
plhawey,87,7,93,Highland Park 1978,,,,,,,,,,,,,,,,,
sirabra,79,7,92,Michter's Barrel Strength Rye,,,,,,,,,,,,,,,,,
slackerdude,86,7,93,W.L. Weller 12,,,,,,,,,,,,,,,,,
sonofcroesus,84,7,91,Highland Park 21 Signatory CS,,,,,,,,,,,,,,,,,
stravinskyfanboy,88,7,90,Evan Williams Single Barrel 2003 ,Four Roses Single Barrel,,,,,,,,,,,,,,,,
theMEADEmule,85,7,91,The Exclusive Blend 1994,,,,,,,,,,,,,,,,,
theboredbird,75,7,90,Bruichladdich Port Charlotte 10,,,,,,,,,,,,,,,,,
Barcafan_925,83,6,90,Bowmore 12,,,,,,,,,,,,,,,,,
Bravado,87,6,95,Lot No. 40,,,,,,,,,,,,,,,,,
BruceWinslow,83,6,92,Highland Park 12,,,,,,,,,,,,,,,,,
Crusher710,86,6,93,Laphroaig 10,Laphroaig Cairdeas 2013 Portwood,,,,,,,,,,,,,,,,
Drumguish,67,6,90,Laphroaig 10,,,,,,,,,,,,,,,,,
Fermentationist,79,6,84,Wild Turkey 101,,,,,,,,,,,,,,,,,
Fletch062,82,6,85,Blue Hanger 9th Release,Talisker Distiller's Edition 2003,,,,,,,,,,,,,,,,
I_Wear_Two_Monocles,87,6,94,Glenlivet 21 Archive,,,,,,,,,,,,,,,,,
Mehberry,63,6,92,Stagg Jr. Batch #5,,,,,,,,,,,,,,,,,
NicoWaat,81,6,90,Ardbeg Ardbog,,,,,,,,,,,,,,,,,
Red_Diesel,85,6,89,Lagavulin 12,,,,,,,,,,,,,,,,,
Redpanda910,79,6,84,Old Grand Dad 114,,,,,,,,,,,,,,,,,
Rivet_39,82,6,87,Tomatin 18,,,,,,,,,,,,,,,,,
ScotchInTheLibrary,90,6,96,Laphroaig 10 Cask Strength,,,,,,,,,,,,,,,,,
Shawshankreddit,87,6,93,Glenlivet 18,,,,,,,,,,,,,,,,,
StrikeBR,78,6,90,Laphroaig Triplewood,,,,,,,,,,,,,,,,,
TinyTipple,88,6,95,Bunnahabhain 40 1963,,,,,,,,,,,,,,,,,
WhiskyBraj,84,6,89,Glenfarclas 25,,,,,,,,,,,,,,,,,
XenonBloom,85,6,95,Four Roses Single Barrel Private Selection OBSO,,,,,,,,,,,,,,,,,
alterndog,81,6,95,Thomas H. Handy 2014,,,,,,,,,,,,,,,,,
animal_chin,89,6,92,Ardbeg 10,,,,,,,,,,,,,,,,,
archimon,86,6,89,Ardbeg Corryvreckan,Ardbeg Uigeadail,Glenfiddich 18,Hibiki 17,,,,,,,,,,,,,,
bostonbro5,87,6,92,Booker's Bourbon,,,,,,,,,,,,,,,,,
brodies,87,6,92,Macallan Sherry Cask Strength,,,,,,,,,,,,,,,,,
cheesydave101,85,6,90,Glen Garioch 12,Old Pulteney 17,,,,,,,,,,,,,,,,
dantest69,81,6,87,Glentauchers 1995 Gordon & MacPhail,,,,,,,,,,,,,,,,,
dramboy,76,6,93,Bruichladdich Port Charlotte PC12 Oileanach Furachail,,,,,,,,,,,,,,,,,
gibbonwl,85,6,95,Arran Orkney Bere,,,,,,,,,,,,,,,,,
grexgorz,89,6,96,Lagavulin 16,,,,,,,,,,,,,,,,,
harpsm,79,6,91,Stagg Jr. Batch #7,,,,,,,,,,,,,,,,,
hukisop,86,6,93,Bruichladdich Octomore 6.1 ,,,,,,,,,,,,,,,,,
ianperera,88,6,96,Caol Ila 30 1983 2014 Special Release,,,,,,,,,,,,,,,,,
liberal_texan,91,6,95,Glenmorangie Nectar D'Or 12,Laphroaig Quarter Cask,,,,,,,,,,,,,,,,
papa_caducio,80,6,89,Bowmore 15 Laimrig,Talisker Distiller's Edition 2013,,,,,,,,,,,,,,,,
shfdjfsaf,85,6,91,GlenDronach 12 Original,,,,,,,,,,,,,,,,,
skot_skot,88,6,94,Laphroaig Quarter Cask,,,,,,,,,,,,,,,,,
soapy_goatherd,90,6,96,Ardbeg Uigeadail,,,,,,,,,,,,,,,,,
tambrico,72,6,82,Buffalo Trace,,,,,,,,,,,,,,,,,
valier_l,88,6,94,Glenlivet 18,,,,,,,,,,,,,,,,,
vercro,82,6,90,Glenfarclas 105 Cask Strength,Macallan Sherry Cask Strength,,,,,,,,,,,,,,,,
wiep,83,6,87,Glen Scotia Double Cask,,,,,,,,,,,,,,,,,
yngwin,84,6,92,Bunnahabhain 12,,,,,,,,,,,,,,,,,
/r/scotch,86,5,90,Laphroaig Quarter Cask,,,,,,,,,,,,,,,,,
Aero14,85,5,87,Dalwhinnie 15,Talisker Distiller's Edition,,,,,,,,,,,,,,,,
Brettness,85,5,87,Lagavulin 16,,,,,,,,,,,,,,,,,
CodaRaven,80,5,90,Glenmorangie Quinta Ruban,,,,,,,,,,,,,,,,,
CoolHandJack17,85,5,91,Johnnie Walker Platinum Label,,,,,,,,,,,,,,,,,
CreamSpinachYo,84,5,95,Ardbeg Uigeadail,Bruichladdich Port Charlotte PC7 Sin an Doigh Ileach,,,,,,,,,,,,,,,,
DustbinK,79,5,87,Glenmorangie Quinta Ruban,,,,,,,,,,,,,,,,,
EliteMcScruffin,85,5,90,High West Yippee Ki Yay,,,,,,,,,,,,,,,,,
GeoFitz4,83,5,92,Glenlivet 11 Old Malt Cask,,,,,,,,,,,,,,,,,
JoshCC7,83,5,87,Lagavulin 16,Wild Turkey 101,,,,,,,,,,,,,,,,
Lerk409,88,5,96,Booker's Bourbon,,,,,,,,,,,,,,,,,
LgnTss,81,5,92,Bruichladdich 16 Bourbon Cask,,,,,,,,,,,,,,,,,
M-J-B,81,5,88,Highland Park 12,,,,,,,,,,,,,,,,,
MK314,86,5,97,Lagavulin 12,Laphroaig Quarter Cask,,,,,,,,,,,,,,,,
Navyis2,81,5,90,Nathan Stone's Private Stock 1990,,,,,,,,,,,,,,,,,
Plutoker,90,5,93,Aberlour A'bunadh batch #42,Old Grand Dad 114,,,,,,,,,,,,,,,,
R0ut3,85,5,90,Longmorn 17 1996 Signatory,,,,,,,,,,,,,,,,,
RandallFlag,81,5,89,Caol Ila 12,,,,,,,,,,,,,,,,,
Rudie-Cant-Fail,81,5,92,Ardbeg 10,,,,,,,,,,,,,,,,,
SpaceCadet2000,88,5,93,Kilchoman 2008 Vintage,,,,,,,,,,,,,,,,,
Spardocus,88,5,92,Laphroaig PX Cask,,,,,,,,,,,,,,,,,
Sullen_Choirboy,87,5,92,Aberlour 12 Double Cask Matured,,,,,,,,,,,,,,,,,
TheOmnomnomagon,86,5,92,Bruichladdich The Laddie Ten,,,,,,,,,,,,,,,,,
Thekilldevilhill,74,5,90,BenRiach 17 Solstice,,,,,,,,,,,,,,,,,
Timeless_Watch,91,5,96,Bruichladdich Port Charlotte PC11 Eorna Na H-Alba,,,,,,,,,,,,,,,,,
Whiskypa-s,78,5,80,High West Bourye,Highland Park 12 Year Old,Ledaig 10 Year Old,Russell's REserve Single Barrel,,,,,,,,,,,,,,
bacchus26,86,5,91,George T. Stagg 2014,,,,,,,,,,,,,,,,,
beergod1222,85,5,90,Lochside 12 Gordon & Macphail,,,,,,,,,,,,,,,,,
cryptowillem,86,5,93,Lot No. 40 Cask Strength,,,,,,,,,,,,,,,,,
delarhi,89,5,94,Laphroaig 10 Cask Strength,,,,,,,,,,,,,,,,,
derpyou,82,5,91,Aberlour A'bunadh,,,,,,,,,,,,,,,,,
doyoucompute,87,5,92,Elijah Craig Barrel Proof,,,,,,,,,,,,,,,,,
drbhrb,93,5,96,Pappy Van Winkle Family Reserve Bourbon 20,,,,,,,,,,,,,,,,,
firmretention,89,5,93,Laphroaig PX Cask,,,,,,,,,,,,,,,,,
gespierdepaling,80,5,92,Caol Ila 30 Bladnoch Forum,,,,,,,,,,,,,,,,,
groggydog,88,5,96,High West A Midwinter Nights Dram,,,,,,,,,,,,,,,,,
hellsquidsintl,86,5,93,Glenmorangie Nectar D'Or 12,Laphroaig Triplewood,,,,,,,,,,,,,,,,
hidden_moose,82,5,90,Highland Park 12,,,,,,,,,,,,,,,,,
ianp622,74,5,90,Hakushu Bourbon Barrel,,,,,,,,,,,,,,,,,
irrg,84,5,92,High West A Midwinter Nights Dram Act 3.2,,,,,,,,,,,,,,,,,
kallumama,84,5,88,Glenmorangie Quinta Ruban,,,,,,,,,,,,,,,,,
kil-art,81,5,90,Knob Creek 9 Small Batch,,,,,,,,,,,,,,,,,
kumori,80,5,87,I.W. Harper 12,,,,,,,,,,,,,,,,,
lmndrsn,77,5,92,Old Forester Birthday Bourbon 2014,,,,,,,,,,,,,,,,,
nickE,86,5,93,Bunnahabhain 12,,,,,,,,,,,,,,,,,
nobruob,87,5,95,Four Roses Single Barrel Limited Edition 2014,,,,,,,,,,,,,,,,,
rhinusdax,82,5,96,William Larue Weller 2017,,,,,,,,,,,,,,,,,
ripsock,81,5,90,Ardbeg 10,,,,,,,,,,,,,,,,,
robotsongs,84,5,85,Cragganmore 12,Lagavulin 16,,,,,,,,,,,,,,,,
stenskott,90,5,94,Ardbeg Uigeadail,,,,,,,,,,,,,,,,,
tangysizzle,75,5,90,Glenmorangie Astar,,,,,,,,,,,,,,,,,
the18thelement,84,5,90,Bunnahabhain Toiteach,,,,,,,,,,,,,,,,,
the_wilderness,88,5,91,Laphroaig 10 2000 Signatory,,,,,,,,,,,,,,,,,
twomojitosplease,84,5,86,Glenfiddich 18,,,,,,,,,,,,,,,,,
whiskyrookie,89,5,95,Aberlour A'bunadh batch #49,,,,,,,,,,,,,,,,,
,,,,#N/A,,,,,,,,,,,,,,,,,
,,,,#N/A,,,,,,,,,,,,,,,,,
,,,,#N/A,,,,,,,,,,,,,,,,,
,,,,#N/A,,,,,,,,,,,,,,,,,
,,,,#N/A,,,,,,,,,,,,,,,,,
,,,,#N/A,,,,,,,,,,,,,,,,,
,,,,#N/A,,,,,,,,,,,,,,,,,
,,,,#N/A,,,,,,,,,,,,,,,,,
,,,,#N/A,,,,,,,,,,,,,,,,,
,,,,#N/A,,,,,,,,,,,,,,,,,
,,,,#N/A,,,,,,,,,,,,,,,,,
,,,,#N/A,,,,,,,,,,,,,,,,,
,,,,#N/A,,,,,,,,,,,,,,,,,
,,,,#N/A,,,,,,,,,,,,,,,,,
,,,,#N/A,,,,,,,,,,,,,,,,,
,,,,#N/A,,,,,,,,,,,,,,,,,
,,,,#N/A,,,,,,,,,,,,,,,,,
,,,,#N/A,,,,,,,,,,,,,,,,,
,,,,#N/A,,,,,,,,,,,,,,,,,
,,,,#N/A,,,,,,,,,,,,,,,,,
,,,,#N/A,,,,,,,,,,,,,,,,,
,,,,#N/A,,,,,,,,,,,,,,,,,
,,,,#N/A,,,,,,,,,,,,,,,,,
,,,,#N/A,,,,,,,,,,,,,,,,,
,,,,#N/A,,,,,,,,,,,,,,,,,
,,,,#N/A,,,,,,,,,,,,,,,,,
,,,,#N/A,,,,,,,,,,,,,,,,,
,,,,#N/A,,,,,,,,,,,,,,,,,
,,,,#N/A,,,,,,,,,,,,,,,,,
,,,,#N/A,,,,,,,,,,,,,,,,,
,,,,#N/A,,,,,,,,,,,,,,,,,
,,,,#N/A,,,,,,,,,,,,,,,,,
,,,,#N/A,,,,,,,,,,,,,,,,,
,,,,#N/A,,,,,,,,,,,,,,,,,
,,,,#N/A,,,,,,,,,,,,,,,,,
,,,,#N/A,,,,,,,,,,,,,,,,,
,,,,#N/A,,,,,,,,,,,,,,,,,
,,,,#N/A,,,,,,,,,,,,,,,,,
,,,,#N/A,,,,,,,,,,,,,,,,,
,,,,#N/A,,,,,,,,,,,,,,,,,
,,,,#N/A,,,,,,,,,,,,,,,,,
,,,,#N/A,,,,,,,,,,,,,,,,,
,,,,#N/A,,,,,,,,,,,,,,,,,
,,,,#N/A,,,,,,,,,,,,,,,,,
,,,,#N/A,,,,,,,,,,,,,,,,,
,,,,#N/A,,,,,,,,,,,,,,,,,
,,,,#N/A,,,,,,,,,,,,,,,,,
,,,,#N/A,,,,,,,,,,,,,,,,,
,,,,#N/A,,,,,,,,,,,,,,,,,
,,,,#N/A,,,,,,,,,,,,,,,,,
,,,,#N/A,,,,,,,,,,,,,,,,,
,,,,#N/A,,,,,,,,,,,,,,,,,
,,,,#N/A,,,,,,,,,,,,,,,,,
,,,,#N/A,,,,,,,,,,,,,,,,,
,,,,#N/A,,,,,,,,,,,,,,,,,
,,,,#N/A,,,,,,,,,,,,,,,,,
,,,,#N/A,,,,,,,,,,,,,,,,,
,,,,#N/A,,,,,,,,,,,,,,,,,
,,,,#N/A,,,,,,,,,,,,,,,,,
,,,,#N/A,,,,,,,,,,,,,,,,,
,,,,#N/A,,,,,,,,,,,,,,,,,
,,,,#N/A,,,,,,,,,,,,,,,,,
,,,,#N/A,,,,,,,,,,,,,,,,,
,,,,#N/A,,,,,,,,,,,,,,,,,
,,,,#N/A,,,,,,,,,,,,,,,,,
,,,,#N/A,,,,,,,,,,,,,,,,,
,,,,#N/A,,,,,,,,,,,,,,,,,
,,,,#N/A,,,,,,,,,,,,,,,,,
,,,,#N/A,,,,,,,,,,,,,,,,,
,,,,#N/A,,,,,,,,,,,,,,,,,
,,,,#N/A,,,,,,,,,,,,,,,,,
,,,,#N/A,,,,,,,,,,,,,,,,,
,,,,#N/A,,,,,,,,,,,,,,,,,
,,,,#N/A,,,,,,,,,,,,,,,,,
,,,,#N/A,,,,,,,,,,,,,,,,,
,,,,#N/A,,,,,,,,,,,,,,,,,
,,,,#N/A,,,,,,,,,,,,,,,,,
,,,,#N/A,,,,,,,,,,,,,,,,,
,,,,#N/A,,,,,,,,,,,,,,,,,
,,,,#N/A,,,,,,,,,,,,,,,,,
,,,,#N/A,,,,,,,,,,,,,,,,,
,,,,#N/A,,,,,,,,,,,,,,,,,
,,,,#N/A,,,,,,,,,,,,,,,,,
,,,,#N/A,,,,,,,,,,,,,,,,,
,,,,#N/A,,,,,,,,,,,,,,,,,
,,,,#N/A,,,,,,,,,,,,,,,,,
,,,,#N/A,,,,,,,,,,,,,,,,,
,,,,#N/A,,,,,,,,,,,,,,,,,
,,,,#N/A,,,,,,,,,,,,,,,,,
,,,,#N/A,,,,,,,,,,,,,,,,,
,,,,#N/A,,,,,,,,,,,,,,,,,
,,,,#N/A,,,,,,,,,,,,,,,,,
,,,,#N/A,,,,,,,,,,,,,,,,,
,,,,#N/A,,,,,,,,,,,,,,,,,
,,,,#N/A,,,,,,,,,,,,,,,,,
,,,,#N/A,,,,,,,,,,,,,,,,,
,,,,#N/A,,,,,,,,,,,,,,,,,
,,,,#N/A,,,,,,,,,,,,,,,,,
,,,,#N/A,,,,,,,,,,,,,,,,,
,,,,#N/A,,,,,,,,,,,,,,,,,
,,,,#N/A,,,,,,,,,,,,,,,,,
,,,,#N/A,,,,,,,,,,,,,,,,,
,,,,#N/A,,,,,,,,,,,,,,,,,
,,,,#N/A,,,,,,,,,,,,,,,,,
,,,,#N/A,,,,,,,,,,,,,,,,,
,,,,#N/A,,,,,,,,,,,,,,,,,
,,,,#N/A,,,,,,,,,,,,,,,,,
,,,,#N/A,,,,,,,,,,,,,,,,,
,,,,#N/A,,,,,,,,,,,,,,,,,
,,,,#N/A,,,,,,,,,,,,,,,,,
,,,,#N/A,,,,,,,,,,,,,,,,,
,,,,#N/A,,,,,,,,,,,,,,,,,
,,,,#N/A,,,,,,,,,,,,,,,,,
,,,,#N/A,,,,,,,,,,,,,,,,,
,,,,#N/A,,,,,,,,,,,,,,,,,
,,,,#N/A,,,,,,,,,,,,,,,,,
,,,,#N/A,,,,,,,,,,,,,,,,,
,,,,#N/A,,,,,,,,,,,,,,,,,
,,,,#N/A,,,,,,,,,,,,,,,,,
,,,,#N/A,,,,,,,,,,,,,,,,,
,,,,#N/A,,,,,,,,,,,,,,,,,
,,,,#N/A,,,,,,,,,,,,,,,,,
,,,,#N/A,,,,,,,,,,,,,,,,,
,,,,#N/A,,,,,,,,,,,,,,,,,
,,,,#N/A,,,,,,,,,,,,,,,,,
,,,,#N/A,,,,,,,,,,,,,,,,,
,,,,#N/A,,,,,,,,,,,,,,,,,
,,,,#N/A,,,,,,,,,,,,,,,,,
