"Best wiskeys globally, averaging all ratings, but only showing those with at least 5 ratings",,,,,,,,,,,,,,,,,,,,,,,,,
Whiskey Name,avg Rating,count Rating,avg Price,,,,,,,,,,,,,,,,,,,,,,
William Larue Weller,96,10,$81,,,,,,,,,,,,,,,,,,,,,,
George T Stagg 2012,95,11,$74,,,,,,,,,,,,,,,,,,,,,,
Balvenie Tun 1401 Batch #5,95,7,$250,,,,,,,,,,,,,,,,,,,,,,
Glenfarclas 40,95,11,$408,,,,,,,,,,,,,,,,,,,,,,
George T Stagg 2014,94,12,$100,,,,,,,,,,,,,,,,,,,,,,
Benrinnes 14 Lady of the Glen 1999,94,8,$69,,,,,,,,,,,,,,,,,,,,,,
Compass Box The General,94,7,$325,,,,,,,,,,,,,,,,,,,,,,
George T Stagg,94,7,$103,,,,,,,,,,,,,,,,,,,,,,
Four Roses Single Barrel Limited Edition 2014,94,5,$98,,,,,,,,,,,,,,,,,,,,,,
White Oak Akashi 14,94,6,$250,,,,,,,,,,,,,,,,,,,,,,
Ardbeg Supernova 2014,93,7,$155,,,,,,,,,,,,,,,,,,,,,,
Four Roses Small Batch Limited Edition 2013,93,24,$94,,,,,,,,,,,,,,,,,,,,,,
Heartwood Convict Release,93,5,$200,,,,,,,,,,,,,,,,,,,,,,
Bruichladdich Octomore 4.2_167 Comus ,93,9,$164,,,,,,,,,,,,,,,,,,,,,,
Benrinnes 23,93,16,$205,,,,,,,,,,,,,,,,,,,,,,
Thomas H. Handy,93,13,$105,,,,,,,,,,,,,,,,,,,,,,
Caol Ila 30 Old & Rare,93,5,$363,,,,,,,,,,,,,,,,,,,,,,
Four Roses Single Barrel Limited Edition 2013,93,5,$74,,,,,,,,,,,,,,,,,,,,,,
Aberlour A'bunadh batch #36,93,9,$67,,,,,,,,,,,,,,,,,,,,,,
Bruichladdich Octomore 2.2 Orpheus,93,6,$125,,,,,,,,,,,,,,,,,,,,,,
High West A Midwinter Nights Dram,93,22,$80,,,,,,,,,,,,,,,,,,,,,,
Pappy Van Winkle Family Reserve Bourbon 15,93,19,$143,,,,,,,,,,,,,,,,,,,,,,
Benrinnes 14 AD Rattray Sherry Cask,93,13,$91,,,,,,,,,,,,,,,,,,,,,,
Bruichladdich Black Art 4.1,93,8,$236,,,,,,,,,,,,,,,,,,,,,,
Laphroaig 25 Cask Strength 2008,93,10,$350,,,,,,,,,,,,,,,,,,,,,,
Parker's Heritage Collection 5th: Cognac Finished,93,6,,,,,,,,,,,,,,,,,,,,,,,
Laphroaig Cairdeas 2013 Portwood,93,44,$76,,,,,,,,,,,,,,,,,,,,,,
Bruichladdich Octomore 6.2,92,9,$155,,,,,,,,,,,,,,,,,,,,,,
William Larue Weller 2013,92,6,$76,,,,,,,,,,,,,,,,,,,,,,
Glengoyne 25,92,7,$323,,,,,,,,,,,,,,,,,,,,,,
"Four Roses Single Barrel Private Selection OBSK, /r/bourbon",92,9,$59,,,,,,,,,,,,,,,,,,,,,,
Bunnahabhain 13 Signatory 1997 Heavily Peated,92,5,$62,,,,,,,,,,,,,,,,,,,,,,
Ardbeg Uigeadail,92,133,$75,,,,,,,,,,,,,,,,,,,,,,
William Larue Weller 2014,92,6,$90,,,,,,,,,,,,,,,,,,,,,,
Bruichladdich 1st Growth Cuvee E Sauternes,92,5,$130,,,,,,,,,,,,,,,,,,,,,,
High West Rocky Mountain Rye 21,92,5,$110,,,,,,,,,,,,,,,,,,,,,,
Four Roses Small Batch Limited Edition 2014,92,10,$91,,,,,,,,,,,,,,,,,,,,,,
Ardbeg Supernova,92,5,$151,,,,,,,,,,,,,,,,,,,,,,
Balvenie Tun 1401 Batch #8,92,5,$350,,,,,,,,,,,,,,,,,,,,,,
Sazerac 18,92,7,$62,,,,,,,,,,,,,,,,,,,,,,
Balvenie Tun 1401 Batch #3,91,13,$248,,,,,,,,,,,,,,,,,,,,,,
Glenlivet 33 The Ultimate 1981 #9467,91,5,$275,,,,,,,,,,,,,,,,,,,,,,
Bruichladdich Port Charlotte Tro Na Linntean,91,6,,,,,,,,,,,,,,,,,,,,,,,
Parker's Heritage Collection 6th: Blend of Mashbills,91,7,$83,,,,,,,,,,,,,,,,,,,,,,
Pappy Van Winkle Family Reserve Bourbon 20,91,12,$357,,,,,,,,,,,,,,,,,,,,,,
Glen Grant 52 old 1958 Gordon MacPhail,91,5,$600,,,,,,,,,,,,,,,,,,,,,,
Lagavulin 12,91,45,$100,,,,,,,,,,,,,,,,,,,,,,
Macallan Sherry Cask Strength,91,68,$73,,,,,,,,,,,,,,,,,,,,,,
Talisker 25,91,13,$168,,,,,,,,,,,,,,,,,,,,,,
Glendronach Cask Strength,91,21,$72,,,,,,,,,,,,,,,,,,,,,,
Benrinnes 15 DARKNESS! Pedro Ximenez,91,8,$91,,,,,,,,,,,,,,,,,,,,,,
Laphroaig 10 Cask Strength,91,34,$59,,,,,,,,,,,,,,,,,,,,,,
Ardbeg 21 Sovereign,91,6,$342,,,,,,,,,,,,,,,,,,,,,,
Compass Box This is Not a Luxury Whisky,91,7,$198,,,,,,,,,,,,,,,,,,,,,,
Amrut Portonova,91,10,$105,,,,,,,,,,,,,,,,,,,,,,
Springbank 10 100 Proof,91,9,$79,,,,,,,,,,,,,,,,,,,,,,
High West A Midwinter Nights Dram Act 2.x,91,6,$81,,,,,,,,,,,,,,,,,,,,,,
Kilchoman 5 Single Bourbon Cask,91,6,$90,,,,,,,,,,,,,,,,,,,,,,
Bruichladdich 1st Growth Cuvee B Latour,91,5,$83,,,,,,,,,,,,,,,,,,,,,,
Aberlour A'bunadh batch #47,91,9,$67,,,,,,,,,,,,,,,,,,,,,,
Springbank 21,91,9,$450,,,,,,,,,,,,,,,,,,,,,,
Colonel E.H. Taylor Barrel Proof,91,27,$77,,,,,,,,,,,,,,,,,,,,,,
Tamdu 8 Signatory Cask Strength,91,11,$59,,,,,,,,,,,,,,,,,,,,,,
Aberlour A'bunadh batch #41,91,7,$75,,,,,,,,,,,,,,,,,,,,,,
Bruichladdich Octomore 5.1,91,12,$185,,,,,,,,,,,,,,,,,,,,,,
Eagle Rare 17 2013,91,9,$92,,,,,,,,,,,,,,,,,,,,,,
Highland Park 25,91,18,$251,,,,,,,,,,,,,,,,,,,,,,
Kilchoman Port Cask Matured,91,9,$114,,,,,,,,,,,,,,,,,,,,,,
Whistle Pig Boss Hog,91,8,$150,,,,,,,,,,,,,,,,,,,,,,
Blanton's SFTB,91,15,$83,,,,,,,,,,,,,,,,,,,,,,
Bruichladdich Port Charlotte PC11,91,5,$150,,,,,,,,,,,,,,,,,,,,,,
BenRiach 17 Solstice,91,25,$97,,,,,,,,,,,,,,,,,,,,,,
Ardbeg Day,91,10,$243,,,,,,,,,,,,,,,,,,,,,,
Benromach 10 100 Proof,91,8,$69,,,,,,,,,,,,,,,,,,,,,,
Bruichladdich Black Art 3.1,91,12,$216,,,,,,,,,,,,,,,,,,,,,,
Elijah Craig Barrel Proof,90,39,$50,,,,,,,,,,,,,,,,,,,,,,
Jefferson's Presidential Select 18,90,10,$93,,,,,,,,,,,,,,,,,,,,,,
Glenlochy 31 Signatory 1980,90,6,$433,,,,,,,,,,,,,,,,,,,,,,
Stagg Jr. Batch #5,90,6,$58,,,,,,,,,,,,,,,,,,,,,,
George T Stagg 2013,90,16,$81,,,,,,,,,,,,,,,,,,,,,,
Thomas H. Handy 2013,90,10,$73,,,,,,,,,,,,,,,,,,,,,,
Elijah Craig 21,90,5,$130,,,,,,,,,,,,,,,,,,,,,,
Lagavulin 1997 Distillers Edition,90,11,$110,,,,,,,,,,,,,,,,,,,,,,
Macallan 17 Fine Oak,90,6,$143,,,,,,,,,,,,,,,,,,,,,,
Parker's Heritage Collection 8th: Wheat Whiskey,90,12,$97,,,,,,,,,,,,,,,,,,,,,,
Old Rip Van Winkle 10 ,90,22,$56,,,,,,,,,,,,,,,,,,,,,,
Ardbeg Corryvreckan,90,78,$84,,,,,,,,,,,,,,,,,,,,,,
Hakushu 14 SMWS 120.7,90,8,$180,,,,,,,,,,,,,,,,,,,,,,
Aberlour A'bunadh,90,27,$76,,,,,,,,,,,,,,,,,,,,,,
Bruichladdich Cuvee 407: PX,90,5,$200,,,,,,,,,,,,,,,,,,,,,,
Dalmore 1263 King Alexander III,90,7,$192,,,,,,,,,,,,,,,,,,,,,,
Four Roses Small Batch Limited Edition 2015,90,5,$144,,,,,,,,,,,,,,,,,,,,,,
Springbank 12 Cask Strength Batch 3,90,6,$91,,,,,,,,,,,,,,,,,,,,,,
Bunnahabhain 18,90,28,$107,,,,,,,,,,,,,,,,,,,,,,
Glenlivet 25,90,11,$316,,,,,,,,,,,,,,,,,,,,,,
Aberlour A'bunadh batch #40,90,10,$77,,,,,,,,,,,,,,,,,,,,,,
"Four Roses Single Barrel Private Selection OBSF, /r/bourbon",90,9,$61,,,,,,,,,,,,,,,,,,,,,,
Longrow Red 11 Fresh Port Cask,90,17,$96,,,,,,,,,,,,,,,,,,,,,,
Port Ellen 32 12th Release,90,11,$700,,,,,,,,,,,,,,,,,,,,,,
Booker's 25th Anniversary,90,10,$103,,,,,,,,,,,,,,,,,,,,,,
Bruichladdich Port Charlotte PC7,90,14,$100,,,,,,,,,,,,,,,,,,,,,,
Smooth Ambler Old Scout Rye 8 ,90,8,$49,,,,,,,,,,,,,,,,,,,,,,
Aberlour A'bunadh batch #45,90,14,$65,,,,,,,,,,,,,,,,,,,,,,
Amrut Kadhambam,90,7,,,,,,,,,,,,,,,,,,,,,,,
Benrinnes 15 DARKNESS! Oloroso,90,7,$88,,,,,,,,,,,,,,,,,,,,,,
Amrut Cask Strength,90,11,$71,,,,,,,,,,,,,,,,,,,,,,
Parker's Heritage Collection 7th: Promise of Hope,90,8,$93,,,,,,,,,,,,,,,,,,,,,,
Talisker Distiller's Edition 1996,90,5,$135,,,,,,,,,,,,,,,,,,,,,,
Talisker Distiller's Edition 1999,90,5,$75,,,,,,,,,,,,,,,,,,,,,,
Laphroaig 18,90,73,$90,,,,,,,,,,,,,,,,,,,,,,
Macallan 25 Sherry,90,11,$598,,,,,,,,,,,,,,,,,,,,,,
Laphroaig Quarter Cask,90,133,$57,,,,,,,,,,,,,,,,,,,,,,
Old Pulteney 21,89,19,$106,,,,,,,,,,,,,,,,,,,,,,
Glenmorangie Ealanta,89,22,$116,,,,,,,,,,,,,,,,,,,,,,
Aberlour 12 Non Chill Filtered,89,49,$57,,,,,,,,,,,,,,,,,,,,,,
John J. Bowman,89,7,$45,,,,,,,,,,,,,,,,,,,,,,
Old Pulteney 1990 – Single Cask Bottling for The Official Line,89,5,,,,,,,,,,,,,,,,,,,,,,,
Springbank 12 Cask Strength Batch 7,89,10,$86,,,,,,,,,,,,,,,,,,,,,,
Talisker Distiller's Edition 2012,89,10,$77,,,,,,,,,,,,,,,,,,,,,,
Angel's Envy Rye,89,8,$74,,,,,,,,,,,,,,,,,,,,,,
Laphroaig Cairdeas 2012 Origin ,89,20,$88,,,,,,,,,,,,,,,,,,,,,,
Eagle Rare 17,89,12,$68,,,,,,,,,,,,,,,,,,,,,,
Ardbeg Ardbog,89,38,$113,,,,,,,,,,,,,,,,,,,,,,
Van Winkle Family Reserve Rye 13,89,7,$77,,,,,,,,,,,,,,,,,,,,,,
Macallan 18 Sherry,89,25,$192,,,,,,,,,,,,,,,,,,,,,,
Laphroaig Cairdeas 2011 Ileach,89,6,$60,,,,,,,,,,,,,,,,,,,,,,
Pappy Van Winkle Family Reserve Bourbon 23,89,6,"$1,150",,,,,,,,,,,,,,,,,,,,,,
Compass Box Flaming Heart,89,7,$108,,,,,,,,,,,,,,,,,,,,,,
Ardbeg Airigh Nam Beist 1990,89,10,$169,,,,,,,,,,,,,,,,,,,,,,
Old Forester Birthday Bourbon 2013,89,10,$51,,,,,,,,,,,,,,,,,,,,,,
Willett Family Estate Rye 4y,89,25,$40,,,,,,,,,,,,,,,,,,,,,,
Glenfarclas 25,89,28,$154,,,,,,,,,,,,,,,,,,,,,,
Balvenie Tun 1509 Batch #1,89,6,$285,,,,,,,,,,,,,,,,,,,,,,
Bruichladdich The Laddie Sixteen,89,8,$97,,,,,,,,,,,,,,,,,,,,,,
Laphroaig 10 Cask Strength Batch 6,89,6,$67,,,,,,,,,,,,,,,,,,,,,,
Laphroaig 15,89,11,$78,,,,,,,,,,,,,,,,,,,,,,
Redbreast 12 Cask Strength B1/11,89,7,$93,,,,,,,,,,,,,,,,,,,,,,
Sheep Dip Old Hebridean 1990,89,5,$67,,,,,,,,,,,,,,,,,,,,,,
Springbank 12 Calvados Wood,89,8,$111,,,,,,,,,,,,,,,,,,,,,,
Four Roses Single Barrel Private Selection OBSF,89,13,$59,,,,,,,,,,,,,,,,,,,,,,
Bruichladdich Octomore 6.1,89,25,$154,,,,,,,,,,,,,,,,,,,,,,
Talisker 18,89,24,$103,,,,,,,,,,,,,,,,,,,,,,
Caol Ila Cask Strength,89,6,$72,,,,,,,,,,,,,,,,,,,,,,
Glenfarclas 31 Port Cask,89,6,$520,,,,,,,,,,,,,,,,,,,,,,
Stagg Jr. Batch #4,89,6,$53,,,,,,,,,,,,,,,,,,,,,,
Ardbeg Alligator,89,25,$141,,,,,,,,,,,,,,,,,,,,,,
Glendronach Cask Strength Batch 4,89,5,,,,,,,,,,,,,,,,,,,,,,,
Highland Park 15 Freya ,89,5,$300,,,,,,,,,,,,,,,,,,,,,,
Orphan Barrel Rhetoric,89,5,$87,,,,,,,,,,,,,,,,,,,,,,
Balvenie 17 Peated Cask,89,17,$107,,,,,,,,,,,,,,,,,,,,,,
Glenlivet 21 Archive,89,16,$142,,,,,,,,,,,,,,,,,,,,,,
Talisker Distiller's Edition 2013,89,8,$78,,,,,,,,,,,,,,,,,,,,,,
Four Roses Single Barrel Private Selection OESQ,89,11,$65,,,,,,,,,,,,,,,,,,,,,,
Colonel E.H. Taylor Straight Rye,89,23,$71,,,,,,,,,,,,,,,,,,,,,,
Booker's Bourbon,89,68,$53,,,,,,,,,,,,,,,,,,,,,,
Aberlour A'bunadh batch #39,89,15,$66,,,,,,,,,,,,,,,,,,,,,,
Caol Ila Stitchell Reserve,89,6,$107,,,,,,,,,,,,,,,,,,,,,,
Longrow 10,89,6,$103,,,,,,,,,,,,,,,,,,,,,,
High West Rendezvous Rye,89,33,$48,,,,,,,,,,,,,,,,,,,,,,
Highland Park 15 Loki,89,8,$258,,,,,,,,,,,,,,,,,,,,,,
Glen Mhor 29 1982 Signatory Cask Strength,89,5,$430,,,,,,,,,,,,,,,,,,,,,,
Lagavulin 1995 Distillers Edition,89,10,$121,,,,,,,,,,,,,,,,,,,,,,
Smooth Ambler Old Scout Bourbon 8 ,89,5,$46,,,,,,,,,,,,,,,,,,,,,,
Bruichladdich Octomore 7.3,89,7,$210,,,,,,,,,,,,,,,,,,,,,,
Bunnahabhain 25,89,7,$388,,,,,,,,,,,,,,,,,,,,,,
Four Roses Single Barrel Private Selection OBSV,89,13,$49,,,,,,,,,,,,,,,,,,,,,,
Bruichladdich Black Art 2.2,89,21,$207,,,,,,,,,,,,,,,,,,,,,,
Glenmorangie Sonnalta PX,89,6,$90,,,,,,,,,,,,,,,,,,,,,,
Willett Family Estate Bourbon 11y,89,8,$101,,,,,,,,,,,,,,,,,,,,,,
Balvenie 17 Madeira Cask,88,11,$97,,,,,,,,,,,,,,,,,,,,,,
Yoichi 26 SMWS 116.20,88,7,,,,,,,,,,,,,,,,,,,,,,,
Talisker Distiller's Edition,88,12,$82,,,,,,,,,,,,,,,,,,,,,,
Balvenie 15 Single Barrel ,88,5,,,,,,,,,,,,,,,,,,,,,,,
Oban 18,88,10,$97,,,,,,,,,,,,,,,,,,,,,,
Four Roses Single Barrel,88,57,$38,,,,,,,,,,,,,,,,,,,,,,
Kilchoman 100% Islay 3rd Edition,88,8,$81,,,,,,,,,,,,,,,,,,,,,,
BenRiach 25,88,6,$300,,,,,,,,,,,,,,,,,,,,,,
Kavalan Solist Vinho Barrique,88,6,$120,,,,,,,,,,,,,,,,,,,,,,
Balvenie 21 Portwood,88,37,$162,,,,,,,,,,,,,,,,,,,,,,
Glenmorangie Artein,88,16,$80,,,,,,,,,,,,,,,,,,,,,,
Glenfarclas 105 Cask Strength,88,56,$72,,,,,,,,,,,,,,,,,,,,,,
Amrut Peated Cask Strength,88,9,$93,,,,,,,,,,,,,,,,,,,,,,
Compass Box Flaming Heart 15th Anniversary Edition,88,9,$138,,,,,,,,,,,,,,,,,,,,,,
Laphroaig PX Cask,88,27,$87,,,,,,,,,,,,,,,,,,,,,,
Longrow Red 11 Cabernet Sauvignon,88,9,$70,,,,,,,,,,,,,,,,,,,,,,
W.L. Weller 12,88,56,$29,,,,,,,,,,,,,,,,,,,,,,
Talisker 30,88,6,$324,,,,,,,,,,,,,,,,,,,,,,
Lagavulin 16,88,145,$78,,,,,,,,,,,,,,,,,,,,,,
Whistle Pig 10 Straight Rye,88,12,$70,,,,,,,,,,,,,,,,,,,,,,
Van Winkle Special Reserve 12 Year Lot B,88,15,$63,,,,,,,,,,,,,,,,,,,,,,
Ardbeg Galileo,88,35,$102,,,,,,,,,,,,,,,,,,,,,,
High West Campfire,88,18,$57,,,,,,,,,,,,,,,,,,,,,,
Arran Sherry Single Cask,88,8,$85,,,,,,,,,,,,,,,,,,,,,,
BenRiach 12 Heredotus Fumosus,88,5,$74,,,,,,,,,,,,,,,,,,,,,,
BenRiach 18 Albariza,88,5,$90,,,,,,,,,,,,,,,,,,,,,,
Compass Box The Lost Blend,88,6,$96,,,,,,,,,,,,,,,,,,,,,,
Elmer T. Lee Commemorative Edition,88,5,$38,,,,,,,,,,,,,,,,,,,,,,
High West Double Rye /r/bourbon Campfire Barrel,88,6,$50,,,,,,,,,,,,,,,,,,,,,,
Laphroaig Cairdeas 2015,88,11,$82,,,,,,,,,,,,,,,,,,,,,,
Longmorn 16,88,5,$95,,,,,,,,,,,,,,,,,,,,,,
Springbank 12 Cask Strength,88,12,$80,,,,,,,,,,,,,,,,,,,,,,
Springbank 17 Sherry Wood,88,5,$130,,,,,,,,,,,,,,,,,,,,,,
Thomas H. Handy 2014,88,5,$85,,,,,,,,,,,,,,,,,,,,,,
Tobermory 15,88,17,$135,,,,,,,,,,,,,,,,,,,,,,
Highland Park 18,88,66,$114,,,,,,,,,,,,,,,,,,,,,,
Glenmorangie Astar,88,27,$81,,,,,,,,,,,,,,,,,,,,,,
Caol Ila 18,88,11,$75,,,,,,,,,,,,,,,,,,,,,,
Colonel E.H. Taylor Cured Oak,88,11,$76,,,,,,,,,,,,,,,,,,,,,,
Springbank 18,88,17,$150,,,,,,,,,,,,,,,,,,,,,,
BenRiach 21 Authenticus Peated,88,6,$150,,,,,,,,,,,,,,,,,,,,,,
Kavalan Solist Ex-Bourbon,88,6,$100,,,,,,,,,,,,,,,,,,,,,,
Balvenie 15 Single Barrel,88,45,$80,,,,,,,,,,,,,,,,,,,,,,
Oban Distiller's Edition 1996,88,5,$120,,,,,,,,,,,,,,,,,,,,,,
Laphroaig An Cuan Mor,88,9,$95,,,,,,,,,,,,,,,,,,,,,,
Talisker 57° North,88,29,$97,,,,,,,,,,,,,,,,,,,,,,
AnCnoc Flaughter,88,7,$60,,,,,,,,,,,,,,,,,,,,,,
Wild Turkey Rare Breed,88,34,$36,,,,,,,,,,,,,,,,,,,,,,
GlenDronach 15 Revival,88,60,$75,,,,,,,,,,,,,,,,,,,,,,
Bruichladdich Port Charlotte 10,88,11,$60,,,,,,,,,,,,,,,,,,,,,,
GlenDronach 21 Parliament,88,21,$153,,,,,,,,,,,,,,,,,,,,,,
Four Roses Single Barrel Private Selection OBSK,88,13,$58,,,,,,,,,,,,,,,,,,,,,,
Lagavulin 1996 Distillers Edition,88,5,$88,,,,,,,,,,,,,,,,,,,,,,
Elijah Craig 18,88,9,$107,,,,,,,,,,,,,,,,,,,,,,
Bruichladdich Islay Barley 2007 Rockside Farm,88,8,$45,,,,,,,,,,,,,,,,,,,,,,
Four Roses Single Barrel Private Selection OBSQ,88,12,$53,,,,,,,,,,,,,,,,,,,,,,
Yamazaki 18,88,8,$100,,,,,,,,,,,,,,,,,,,,,,
Aberlour 18,87,15,$86,,,,,,,,,,,,,,,,,,,,,,
Aberlour A'bunadh batch #42,87,9,$56,,,,,,,,,,,,,,,,,,,,,,
Longrow Red 11 Australian Shiraz,87,9,$91,,,,,,,,,,,,,,,,,,,,,,
Laphroaig Cairdeas 2014 Amontillado,87,16,$78,,,,,,,,,,,,,,,,,,,,,,
Balvenie 30,87,5,$600,,,,,,,,,,,,,,,,,,,,,,
Redbreast 12 Cask Strength,87,5,$68,,,,,,,,,,,,,,,,,,,,,,
Yellow Spot,87,5,$80,,,,,,,,,,,,,,,,,,,,,,
Glenmorangie Signet,87,17,$160,,,,,,,,,,,,,,,,,,,,,,
Nikka Taketsuru 21,87,6,$212,,,,,,,,,,,,,,,,,,,,,,
Smooth Ambler Old Scout Rye 7 ,87,19,$43,,,,,,,,,,,,,,,,,,,,,,
Bruichladdich Octomore 7.2,87,10,$148,,,,,,,,,,,,,,,,,,,,,,
Angel's Envy Cask Strength,87,7,$180,,,,,,,,,,,,,,,,,,,,,,
Talisker Distiller's Edition 2000,87,8,$78,,,,,,,,,,,,,,,,,,,,,,
Balvenie 15 Single Barrel Sherry Cask,87,10,$93,,,,,,,,,,,,,,,,,,,,,,
Glenmorangie Finealta,87,6,$95,,,,,,,,,,,,,,,,,,,,,,
Stagg Jr.,87,35,$52,,,,,,,,,,,,,,,,,,,,,,
High West Double Rye,87,24,$37,,,,,,,,,,,,,,,,,,,,,,
High West Bourye,87,9,$74,,,,,,,,,,,,,,,,,,,,,,
Four Roses Single Barrel Private Selection OESK,87,10,$54,,,,,,,,,,,,,,,,,,,,,,
Redbreast 15,87,10,$80,,,,,,,,,,,,,,,,,,,,,,
Glenfarclas 17,87,32,$90,,,,,,,,,,,,,,,,,,,,,,
Glenmorangie 18,87,21,$91,,,,,,,,,,,,,,,,,,,,,,
Colonel E.H. Taylor Small Batch,87,35,$44,,,,,,,,,,,,,,,,,,,,,,
Bruichladdich Port Charlotte PC6,87,5,$100,,,,,,,,,,,,,,,,,,,,,,
Four Roses Single Barrel Private Selection OESF,87,15,$55,,,,,,,,,,,,,,,,,,,,,,
GlenDronach 18 Allardice,87,15,$106,,,,,,,,,,,,,,,,,,,,,,
Glengoyne 12 Cask Strength,87,5,$71,,,,,,,,,,,,,,,,,,,,,,
Glenmorangie Companta,87,9,$113,,,,,,,,,,,,,,,,,,,,,,
Rock Hill Farms Single Barrel Bourbon,87,10,$60,,,,,,,,,,,,,,,,,,,,,,
AnCnoc 16,87,19,$54,,,,,,,,,,,,,,,,,,,,,,
Balvenie 14 Golden Cask,87,9,$75,,,,,,,,,,,,,,,,,,,,,,
Four Roses Single Barrel Private Selection OBSO,87,9,$57,,,,,,,,,,,,,,,,,,,,,,
Old Weller Antique 107,87,68,$25,,,,,,,,,,,,,,,,,,,,,,
Arran 12 Cask Strength,87,12,$63,,,,,,,,,,,,,,,,,,,,,,
Bruichladdich The Laddie Ten,87,78,$54,,,,,,,,,,,,,,,,,,,,,,
Clynelish 29 SMWS 26.105,87,6,,,,,,,,,,,,,,,,,,,,,,,
Caol Ila 15 Unpeated,87,10,$100,,,,,,,,,,,,,,,,,,,,,,
Four Roses Single Barrel Private Selection OESO,87,10,$59,,,,,,,,,,,,,,,,,,,,,,
Elmer T. Lee,87,45,$32,,,,,,,,,,,,,,,,,,,,,,
Russell's Reserve Single Barrel,87,22,$52,,,,,,,,,,,,,,,,,,,,,,
Wiser's Legacy,87,7,$49,,,,,,,,,,,,,,,,,,,,,,
Maker's Mark Cask Strength,87,32,$47,,,,,,,,,,,,,,,,,,,,,,
Talisker 10,87,124,$59,,,,,,,,,,,,,,,,,,,,,,
Caol Ila Distiller's Edition,87,11,$75,,,,,,,,,,,,,,,,,,,,,,
Tomatin Decades,87,7,$96,,,,,,,,,,,,,,,,,,,,,,
Bowman Brothers Small Batch,87,6,$28,,,,,,,,,,,,,,,,,,,,,,
Macallan 18,87,6,$160,,,,,,,,,,,,,,,,,,,,,,
Glenfarclas 21,86,23,$118,,,,,,,,,,,,,,,,,,,,,,
Alberta Premium Dark Horse,86,21,$29,,,,,,,,,,,,,,,,,,,,,,
Caperdonich 18 Signatory,86,7,$91,,,,,,,,,,,,,,,,,,,,,,
Springbank 15,86,36,$85,,,,,,,,,,,,,,,,,,,,,,
Four Roses Single Barrel Private Selection OESV,86,10,$55,,,,,,,,,,,,,,,,,,,,,,
Old Grand Dad 114,86,39,$23,,,,,,,,,,,,,,,,,,,,,,
Kilchoman Sherry Cask Release,86,9,$76,,,,,,,,,,,,,,,,,,,,,,
Talisker 175th Anniversary,86,6,$73,,,,,,,,,,,,,,,,,,,,,,
Kilchoman Loch Gorm,86,21,$85,,,,,,,,,,,,,,,,,,,,,,
Mortlach 16 Flora & Fauna,86,7,$110,,,,,,,,,,,,,,,,,,,,,,
Balvenie 17 Doublewood,86,22,$118,,,,,,,,,,,,,,,,,,,,,,
Old Pulteney 17,86,22,$89,,,,,,,,,,,,,,,,,,,,,,
Amrut Fusion,86,26,$67,,,,,,,,,,,,,,,,,,,,,,
Kilchoman Machir Bay,86,49,$59,,,,,,,,,,,,,,,,,,,,,,
Glenlivet 16 Nadurra,86,70,$66,,,,,,,,,,,,,,,,,,,,,,
Jefferson's 10 Rye Whiskey,86,8,$36,,,,,,,,,,,,,,,,,,,,,,
Macallan 15 Fine Oak,86,22,$85,,,,,,,,,,,,,,,,,,,,,,
Hibiki 17,86,9,$113,,,,,,,,,,,,,,,,,,,,,,
Bruichladdich Octomore 7.1,86,5,$169,,,,,,,,,,,,,,,,,,,,,,
Bulleit Bourbon 10,86,11,$39,,,,,,,,,,,,,,,,,,,,,,
Evan Williams Single Barrel 2004,86,18,$26,,,,,,,,,,,,,,,,,,,,,,
Glenfiddich Snow Phoenix,86,6,$147,,,,,,,,,,,,,,,,,,,,,,
Kilkerran Work In Progress 6 Bourbon Wood,86,6,$57,,,,,,,,,,,,,,,,,,,,,,
Blanton's Gold,86,7,$72,,,,,,,,,,,,,,,,,,,,,,
Noah's Mill,86,14,$47,,,,,,,,,,,,,,,,,,,,,,
Willett Family Estate Rye 6y,86,10,$68,,,,,,,,,,,,,,,,,,,,,,
Ardbeg 10,86,140,$55,,,,,,,,,,,,,,,,,,,,,,
Aberfeldy 21,86,6,$80,,,,,,,,,,,,,,,,,,,,,,
Aberlour A'bunadh batch #46,86,9,$71,,,,,,,,,,,,,,,,,,,,,,
GlenDronach Cask Strength Batch 3,86,5,$75,,,,,,,,,,,,,,,,,,,,,,
Glengoyne 21,86,10,$120,,,,,,,,,,,,,,,,,,,,,,
High West Son of Bourye,86,13,$41,,,,,,,,,,,,,,,,,,,,,,
Laphroaig Triplewood,86,31,$64,,,,,,,,,,,,,,,,,,,,,,
Bunnahabhain 12,86,90,$54,,,,,,,,,,,,,,,,,,,,,,
Bruichladdich Octomore 6.3,86,8,$168,,,,,,,,,,,,,,,,,,,,,,
Laphroaig 17 SMWS 29.157,86,8,$100,,,,,,,,,,,,,,,,,,,,,,
Blanton's Original Single Barrel,86,44,$51,,,,,,,,,,,,,,,,,,,,,,
Bruichladdich 1st Growth Cuvee D,86,6,$103,,,,,,,,,,,,,,,,,,,,,,
Amrut Intermediate Sherry,86,5,$78,,,,,,,,,,,,,,,,,,,,,,
High West Yippee Ki Yay,86,5,$64,,,,,,,,,,,,,,,,,,,,,,
BenRiach 12 Importanticus Fumosus,86,9,$65,,,,,,,,,,,,,,,,,,,,,,
Longrow CV,86,10,$62,,,,,,,,,,,,,,,,,,,,,,
Arran Robert Burns Single Malt,86,6,,,,,,,,,,,,,,,,,,,,,,,
Bushmills 16,86,6,$64,,,,,,,,,,,,,,,,,,,,,,
Overeem Port Cask Cask Strength,86,6,$150,,,,,,,,,,,,,,,,,,,,,,
Bowmore 15 Laimrig,86,8,$88,,,,,,,,,,,,,,,,,,,,,,
Highland Park 15,86,16,$72,,,,,,,,,,,,,,,,,,,,,,
Kilchoman Sanaig,86,8,,,,,,,,,,,,,,,,,,,,,,,
Aberlour A'Bunadh Batch #50,86,5,$68,,,,,,,,,,,,,,,,,,,,,,
Bruichladdich Octomore 7.4,86,5,$200,,,,,,,,,,,,,,,,,,,,,,
Kilchoman Madeira Cask,86,5,$85,,,,,,,,,,,,,,,,,,,,,,
Collingwood 21 Year Old Rye,86,7,$55,,,,,,,,,,,,,,,,,,,,,,
Glenlossie 19 Signatory 1992,86,7,$80,,,,,,,,,,,,,,,,,,,,,,
Laphroaig Lore,86,7,$163,,,,,,,,,,,,,,,,,,,,,,
Balcones Texas Single Malt,86,9,$62,,,,,,,,,,,,,,,,,,,,,,
Glenfarclas 15,86,28,$84,,,,,,,,,,,,,,,,,,,,,,
Four Roses Small Batch,85,45,$30,,,,,,,,,,,,,,,,,,,,,,
Rittenhouse Rye 100,85,38,$25,,,,,,,,,,,,,,,,,,,,,,
Old Ezra 101,85,9,$16,,,,,,,,,,,,,,,,,,,,,,
Hakushu 12,85,15,$69,,,,,,,,,,,,,,,,,,,,,,
Macallan Whisky Maker's Edition,85,5,$118,,,,,,,,,,,,,,,,,,,,,,
Stagg Jr. Batch #3,85,5,$68,,,,,,,,,,,,,,,,,,,,,,
BenRiach 10 Curiositas,85,21,$43,,,,,,,,,,,,,,,,,,,,,,
Aberlour 16,85,26,$65,,,,,,,,,,,,,,,,,,,,,,
Balvenie 16 Triple Cask,85,6,$100,,,,,,,,,,,,,,,,,,,,,,
Forty Creek Port Wood Reserve,85,6,,,,,,,,,,,,,,,,,,,,,,,
Wild Turkey 101,85,56,$23,,,,,,,,,,,,,,,,,,,,,,
Balvenie 12 Single Barrel First Fill,85,19,$66,,,,,,,,,,,,,,,,,,,,,,
Forty Creek Heart of Gold,85,5,$70,,,,,,,,,,,,,,,,,,,,,,
Michter's 10 Rye,85,5,$70,,,,,,,,,,,,,,,,,,,,,,
Hazelburn 12,85,6,$45,,,,,,,,,,,,,,,,,,,,,,
Jim Beam Single Barrel,85,6,$28,,,,,,,,,,,,,,,,,,,,,,
Pikesville Rye,85,6,$42,,,,,,,,,,,,,,,,,,,,,,
Bruichladdich Port Charlotte Scottish Barley,85,26,$63,,,,,,,,,,,,,,,,,,,,,,
Nikka Coffey Malt,85,7,$54,,,,,,,,,,,,,,,,,,,,,,
AnCnoc Rutter,85,9,$68,,,,,,,,,,,,,,,,,,,,,,
Old Forester Birthday Bourbon 2014,85,11,$53,,,,,,,,,,,,,,,,,,,,,,
Glenmorangie Quinta Ruban,85,102,$52,,,,,,,,,,,,,,,,,,,,,,
Bowmore Tempest Batch 3,85,7,,,,,,,,,,,,,,,,,,,,,,,
Heaven Hill 6 Bottled in Bond,85,6,$13,,,,,,,,,,,,,,,,,,,,,,
Lagavulin 8,85,11,$59,,,,,,,,,,,,,,,,,,,,,,
Laphroaig Cairdeas 2016 Madeira,85,5,$94,,,,,,,,,,,,,,,,,,,,,,
Orphan Barrel Barterhouse 20,85,20,$79,,,,,,,,,,,,,,,,,,,,,,
Talisker Port Ruighe,85,12,$66,,,,,,,,,,,,,,,,,,,,,,
Teeling Small Batch,85,7,$47,,,,,,,,,,,,,,,,,,,,,,
Wild Turkey 101 Rye,85,16,$32,,,,,,,,,,,,,,,,,,,,,,
Caol Ila 12,85,95,$57,,,,,,,,,,,,,,,,,,,,,,
Laphroaig 10,85,118,$48,,,,,,,,,,,,,,,,,,,,,,
Glen Garioch 12,85,13,$42,,,,,,,,,,,,,,,,,,,,,,
Glenfiddich 14 Rich Oak,85,12,$48,,,,,,,,,,,,,,,,,,,,,,
Glen Garioch Founder's Reserve,85,14,$41,,,,,,,,,,,,,,,,,,,,,,
Kavalan Solist Sherry,85,11,$130,,,,,,,,,,,,,,,,,,,,,,
Bulleit Rye,85,37,$27,,,,,,,,,,,,,,,,,,,,,,
BenRiach 15 Dark Rum Wood Finish,85,5,$61,,,,,,,,,,,,,,,,,,,,,,
Glengoyne 15,85,5,,,,,,,,,,,,,,,,,,,,,,,
Springbank 10,85,55,$59,,,,,,,,,,,,,,,,,,,,,,
Lot No. 40,85,14,$44,,,,,,,,,,,,,,,,,,,,,,
Glenfiddich 18,85,49,$77,,,,,,,,,,,,,,,,,,,,,,
Bunnahabhain Toiteach,85,13,$83,,,,,,,,,,,,,,,,,,,,,,
Nikka Whisky From The Barrel,85,19,$44,,,,,,,,,,,,,,,,,,,,,,
Maker's Mark 46,85,22,$35,,,,,,,,,,,,,,,,,,,,,,
Dalmore Cigar Malt,85,9,$123,,,,,,,,,,,,,,,,,,,,,,
Mackinlay's Shackleton Rare Old Highland Malt Whisky,85,15,$136,,,,,,,,,,,,,,,,,,,,,,
Glenfarclas 12,85,67,$51,,,,,,,,,,,,,,,,,,,,,,
Bowmore Devil's Cask,85,8,$100,,,,,,,,,,,,,,,,,,,,,,
Buffalo Trace,85,58,$26,,,,,,,,,,,,,,,,,,,,,,
Arran 14,85,23,$59,,,,,,,,,,,,,,,,,,,,,,
Macallan 12 Sherry ,85,10,$51,,,,,,,,,,,,,,,,,,,,,,
Old Charter 10,85,5,$20,,,,,,,,,,,,,,,,,,,,,,
Sullivans Cove French Oak,85,5,$150,,,,,,,,,,,,,,,,,,,,,,
Bruichladdich Port Charlotte An Turas Mor,85,17,$61,,,,,,,,,,,,,,,,,,,,,,
Elijah Craig 12 ,85,12,$28,,,,,,,,,,,,,,,,,,,,,,
Highland Park 12,84,152,$47,,,,,,,,,,,,,,,,,,,,,,
Colonel E.H. Taylor Single Barrel,84,21,$64,,,,,,,,,,,,,,,,,,,,,,
Highland Park 8 MacPhail’s Collection,84,7,$33,,,,,,,,,,,,,,,,,,,,,,
Bruichladdich Scottish Barley The Classic Laddie,84,22,$58,,,,,,,,,,,,,,,,,,,,,,
BenRiach 20,84,5,$120,,,,,,,,,,,,,,,,,,,,,,
Knob Creek Single Barrel Reserve,84,23,$40,,,,,,,,,,,,,,,,,,,,,,
Balvenie 14 Caribbean Cask,84,89,$63,,,,,,,,,,,,,,,,,,,,,,
Old Grand Dad 100 Bottled in Bond,84,32,$20,,,,,,,,,,,,,,,,,,,,,,
Benromach 10,84,36,$55,,,,,,,,,,,,,,,,,,,,,,
Longmorn 19 Signatory 1992,84,6,$80,,,,,,,,,,,,,,,,,,,,,,
Redbreast 12,84,17,$52,,,,,,,,,,,,,,,,,,,,,,
Glendronach 12,84,5,$43,,,,,,,,,,,,,,,,,,,,,,
Glengoyne 18,84,5,,,,,,,,,,,,,,,,,,,,,,,
Sullivans Cove Double Cask,84,6,,,,,,,,,,,,,,,,,,,,,,,
BenRiach 12 Sherry Matured,84,13,$60,,,,,,,,,,,,,,,,,,,,,,
Ardbeg Auriverdes,84,14,$101,,,,,,,,,,,,,,,,,,,,,,
High West American Prairie Reserve,84,12,$40,,,,,,,,,,,,,,,,,,,,,,
BenRiach 16,84,8,$73,,,,,,,,,,,,,,,,,,,,,,
Glenlivet 18,84,49,$90,,,,,,,,,,,,,,,,,,,,,,
Glentauchers 16 Gordon & MacPhail,84,5,$55,,,,,,,,,,,,,,,,,,,,,,
Elijah Craig 12,84,52,$28,,,,,,,,,,,,,,,,,,,,,,
Eagle Rare 10,84,56,$29,,,,,,,,,,,,,,,,,,,,,,
Bruichladdich Islay Barley 2006,84,9,$77,,,,,,,,,,,,,,,,,,,,,,
Willett Family Estate Rye 2y Small Batch,84,14,$42,,,,,,,,,,,,,,,,,,,,,,
Angel's Envy Bourbon,84,18,$47,,,,,,,,,,,,,,,,,,,,,,
Longrow Peated,84,18,$50,,,,,,,,,,,,,,,,,,,,,,
Crown Royal Hand Selected Barrel,84,5,$50,,,,,,,,,,,,,,,,,,,,,,
Glenlivet Guardians' Chapter,84,5,$80,,,,,,,,,,,,,,,,,,,,,,
Very Old Barton Bottled In Bond,84,9,$16,,,,,,,,,,,,,,,,,,,,,,
Finlaggan Old Reserve,84,20,$22,,,,,,,,,,,,,,,,,,,,,,
Johnnie Walker Green Label,84,61,$56,,,,,,,,,,,,,,,,,,,,,,
Balvenie 12 Signature,84,11,$50,,,,,,,,,,,,,,,,,,,,,,
Tomatin 18,84,20,$66,,,,,,,,,,,,,,,,,,,,,,
AnCnoc 12,84,48,$41,,,,,,,,,,,,,,,,,,,,,,
Glenfiddich 21 Gran Reserva,84,13,$178,,,,,,,,,,,,,,,,,,,,,,
Balvenie 10 Founder's Reserve,84,6,$58,,,,,,,,,,,,,,,,,,,,,,
Glenmorangie Nectar D'Or 12,84,60,$65,,,,,,,,,,,,,,,,,,,,,,
Bruichladdich Rocks,83,23,$45,,,,,,,,,,,,,,,,,,,,,,
Talisker Storm,83,36,$57,,,,,,,,,,,,,,,,,,,,,,
Aberlour 12 Double Cask Matured,83,48,$44,,,,,,,,,,,,,,,,,,,,,,
GlenDronach 12 Original,83,46,$51,,,,,,,,,,,,,,,,,,,,,,
Amrut Single Malt Whisky,83,9,$62,,,,,,,,,,,,,,,,,,,,,,
Mackmyra First Edition,83,6,$61,,,,,,,,,,,,,,,,,,,,,,
Old Forester Signature,83,13,$24,,,,,,,,,,,,,,,,,,,,,,
Willett Pot Still Reserve Single Barrel,83,10,$40,,,,,,,,,,,,,,,,,,,,,,
Knob Creek 9 Small Batch,83,35,$32,,,,,,,,,,,,,,,,,,,,,,
Benrinnes 15 Flora & Fauna,83,5,,,,,,,,,,,,,,,,,,,,,,,
Kilchoman Coull Point,83,5,$73,,,,,,,,,,,,,,,,,,,,,,
Big Peat,83,7,$62,,,,,,,,,,,,,,,,,,,,,,
Jim Beam Bonded,83,7,$23,,,,,,,,,,,,,,,,,,,,,,
Auchentoshan Valinch,83,36,$64,,,,,,,,,,,,,,,,,,,,,,
Glenfiddich 15,83,67,$52,,,,,,,,,,,,,,,,,,,,,,
Glen Elgin 12,83,8,$43,,,,,,,,,,,,,,,,,,,,,,
Glenlivet Nadurra Oloroso,83,6,$77,,,,,,,,,,,,,,,,,,,,,,
Henry McKenna 10 Single Barrel,83,29,$31,,,,,,,,,,,,,,,,,,,,,,
Pike Creek 10,83,6,$40,,,,,,,,,,,,,,,,,,,,,,
Té Bheag,83,11,$29,,,,,,,,,,,,,,,,,,,,,,
Nikka Yoichi 10,83,8,,,,,,,,,,,,,,,,,,,,,,,
Smooth Ambler Contradiction,83,5,$55,,,,,,,,,,,,,,,,,,,,,,
Macallan 12,83,9,$53,,,,,,,,,,,,,,,,,,,,,,
Glengoyne 12,83,8,,,,,,,,,,,,,,,,,,,,,,,
Forty Creek Copper Pot Reserve,83,7,$27,,,,,,,,,,,,,,,,,,,,,,
Ledaig 7 /r/Scotch Community Cask,83,14,$65,,,,,,,,,,,,,,,,,,,,,,
Ardbeg Perpetuum,83,10,$97,,,,,,,,,,,,,,,,,,,,,,
Arran 10,83,26,$42,,,,,,,,,,,,,,,,,,,,,,
Smooth Ambler Old Scout Bourbon 10 ,83,8,$46,,,,,,,,,,,,,,,,,,,,,,
Highland Park Dark Origins,83,20,$91,,,,,,,,,,,,,,,,,,,,,,
Bruichladdich Port Charlotte The Peat Project,83,14,$54,,,,,,,,,,,,,,,,,,,,,,
Bernheim Original Small Batch Wheat Whiskey,83,11,$32,,,,,,,,,,,,,,,,,,,,,,
Oban 14,83,74,$73,,,,,,,,,,,,,,,,,,,,,,
Auchentoshan Three Wood,83,44,$67,,,,,,,,,,,,,,,,,,,,,,
Arran Amarone Cask Finish,83,8,$71,,,,,,,,,,,,,,,,,,,,,,
Highland Park 10,83,8,$38,,,,,,,,,,,,,,,,,,,,,,
Sazerac Rye,83,32,$34,,,,,,,,,,,,,,,,,,,,,,
Rowan's Creek,82,7,$38,,,,,,,,,,,,,,,,,,,,,,
Smooth Ambler Old Scout Bourbon 7 ,82,10,$37,,,,,,,,,,,,,,,,,,,,,,
Tobermory 10,82,30,$41,,,,,,,,,,,,,,,,,,,,,,
Macallan 12 Sherry,82,73,$56,,,,,,,,,,,,,,,,,,,,,,
Bruichladdich 15,82,6,,,,,,,,,,,,,,,,,,,,,,,
Evan Williams Single Barrel 2002,82,6,$18,,,,,,,,,,,,,,,,,,,,,,
Clynelish 14,82,44,$54,,,,,,,,,,,,,,,,,,,,,,
Macallan Sienna,82,7,$60,,,,,,,,,,,,,,,,,,,,,,
Evan Williams Single Barrel 2003,82,20,$28,,,,,,,,,,,,,,,,,,,,,,
Evan Williams White Label Bottled in Bond,82,24,$16,,,,,,,,,,,,,,,,,,,,,,
Edradour 10,82,20,$53,,,,,,,,,,,,,,,,,,,,,,
Orphan Barrel Old Blowhard 26,82,10,$172,,,,,,,,,,,,,,,,,,,,,,
Old Pulteney 12,82,66,$38,,,,,,,,,,,,,,,,,,,,,,
Stranahan's Colorado Whiskey,82,9,$55,,,,,,,,,,,,,,,,,,,,,,
Fighting Cock,82,6,$18,,,,,,,,,,,,,,,,,,,,,,
Forty Creek Confederation Oak,82,6,$70,,,,,,,,,,,,,,,,,,,,,,
Hazelburn 8,82,6,$68,,,,,,,,,,,,,,,,,,,,,,
Russell's Reserve 10,82,17,$33,,,,,,,,,,,,,,,,,,,,,,
Dalwhinnie 15,82,62,$55,,,,,,,,,,,,,,,,,,,,,,
Bowmore 18,82,21,$126,,,,,,,,,,,,,,,,,,,,,,
Glenfiddich 15 Distillery Edition,82,15,$71,,,,,,,,,,,,,,,,,,,,,,
Bowmore 12 Enigma,82,6,$48,,,,,,,,,,,,,,,,,,,,,,
Nikka Taketsuru 12,82,6,$75,,,,,,,,,,,,,,,,,,,,,,
Yamazaki 12,82,43,$63,,,,,,,,,,,,,,,,,,,,,,
Corsair Small Batch Triple Smoke American Single Malt,82,5,$47,,,,,,,,,,,,,,,,,,,,,,
Scapa 16,82,23,$76,,,,,,,,,,,,,,,,,,,,,,
Glengoyne 17,82,15,$56,,,,,,,,,,,,,,,,,,,,,,
Jameson 12,82,6,$51,,,,,,,,,,,,,,,,,,,,,,
Jura Prophecy,82,9,$71,,,,,,,,,,,,,,,,,,,,,,
Compass Box Spice Tree,82,31,$59,,,,,,,,,,,,,,,,,,,,,,
Bulleit Bourbon,82,36,$27,,,,,,,,,,,,,,,,,,,,,,
Balvenie 12 Doublewood,82,98,$50,,,,,,,,,,,,,,,,,,,,,,
Craigellachie 13,82,7,$45,,,,,,,,,,,,,,,,,,,,,,
Dalmore 15,81,23,$75,,,,,,,,,,,,,,,,,,,,,,
Macallan 10 Fine Oak,81,33,$44,,,,,,,,,,,,,,,,,,,,,,
Kavalan Concertmaster,81,7,$90,,,,,,,,,,,,,,,,,,,,,,
Woodford Reserve Double Oaked,81,12,$47,,,,,,,,,,,,,,,,,,,,,,
Aberlour 15 Double Cask Matured,81,5,,,,,,,,,,,,,,,,,,,,,,,
Glenmorangie 10 Original,81,111,$41,,,,,,,,,,,,,,,,,,,,,,
Ancient Ancient Age 10 Year,81,6,$18,,,,,,,,,,,,,,,,,,,,,,
Glenfiddich Malt Master's Edition,81,6,$80,,,,,,,,,,,,,,,,,,,,,,
Hibiki Japanese Harmony,81,6,$108,,,,,,,,,,,,,,,,,,,,,,
Compass Box Great King St. Artist's Blend,81,16,$41,,,,,,,,,,,,,,,,,,,,,,
Arran Sauternes Cask Finish,81,10,$64,,,,,,,,,,,,,,,,,,,,,,
Bruichladdich Organic 2003,81,7,$80,,,,,,,,,,,,,,,,,,,,,,
Ileach Cask Strength,81,5,$56,,,,,,,,,,,,,,,,,,,,,,
Kilkerran Work In Progress 4,81,5,$48,,,,,,,,,,,,,,,,,,,,,,
Bushmills Black Bush,81,6,$33,,,,,,,,,,,,,,,,,,,,,,
Tomintoul 14,81,6,,,,,,,,,,,,,,,,,,,,,,,
Balblair 1989,81,7,,,,,,,,,,,,,,,,,,,,,,,
Glenrothes 1998,81,11,$55,,,,,,,,,,,,,,,,,,,,,,
Ledaig 10,81,31,$46,,,,,,,,,,,,,,,,,,,,,,
Aberlour 12 Sherry Cask Matured,81,7,$47,,,,,,,,,,,,,,,,,,,,,,
Auchentoshan 18,81,5,$90,,,,,,,,,,,,,,,,,,,,,,
Bushmills 10,81,8,$40,,,,,,,,,,,,,,,,,,,,,,
Glen Grant 10,81,11,$44,,,,,,,,,,,,,,,,,,,,,,
Glenlivet 15 French Oak Reserve,81,54,$54,,,,,,,,,,,,,,,,,,,,,,
Knob Creek Rye,81,17,$35,,,,,,,,,,,,,,,,,,,,,,
Springbank CV,81,9,$39,,,,,,,,,,,,,,,,,,,,,,
Woodford Reserve Distiller's Select,81,33,$35,,,,,,,,,,,,,,,,,,,,,,
1792 Ridgemont Reserve,81,12,$29,,,,,,,,,,,,,,,,,,,,,,
George Dickel No. 12,81,7,$22,,,,,,,,,,,,,,,,,,,,,,
Sheep Dip,81,11,$41,,,,,,,,,,,,,,,,,,,,,,
Kilkerran Work In Progress 5 Sherry Wood,81,5,$57,,,,,,,,,,,,,,,,,,,,,,
Macallan Select Oak,81,9,$57,,,,,,,,,,,,,,,,,,,,,,
Larceny Small Batch Bourbon,81,12,$26,,,,,,,,,,,,,,,,,,,,,,
Glenmorangie Tusail,81,7,$100,,,,,,,,,,,,,,,,,,,,,,
Jura 16,81,24,$60,,,,,,,,,,,,,,,,,,,,,,
Amrut Peated,81,6,$50,,,,,,,,,,,,,,,,,,,,,,
Compass Box Peat Monster,81,19,$51,,,,,,,,,,,,,,,,,,,,,,
Basil Hayden's,81,13,$34,,,,,,,,,,,,,,,,,,,,,,
Balcones Baby Blue,81,6,$55,,,,,,,,,,,,,,,,,,,,,,
Ardbeg Blasda,80,7,$93,,,,,,,,,,,,,,,,,,,,,,
GlenDronach 8 The Heilan,80,7,$33,,,,,,,,,,,,,,,,,,,,,,
Black Maple Hill,80,12,$41,,,,,,,,,,,,,,,,,,,,,,
Chivas Regal 21 Royal Salute,80,5,$190,,,,,,,,,,,,,,,,,,,,,,
Tullibardine Sovereign,80,5,$65,,,,,,,,,,,,,,,,,,,,,,
W.L. Weller Special Reserve,80,31,$20,,,,,,,,,,,,,,,,,,,,,,
Breckenridge Bourbon,80,9,$45,,,,,,,,,,,,,,,,,,,,,,
Dalmore 18,80,6,$153,,,,,,,,,,,,,,,,,,,,,,
Black Bottle ,80,9,$19,,,,,,,,,,,,,,,,,,,,,,
Maker's Mark,80,29,$26,,,,,,,,,,,,,,,,,,,,,,
Crown Royal Northern Harvest Rye,80,14,$33,,,,,,,,,,,,,,,,,,,,,,
Glenfarclas 10,80,19,$41,,,,,,,,,,,,,,,,,,,,,,
Stalk & Barrel Single Malt,80,5,,,,,,,,,,,,,,,,,,,,,,,
Tomatin 15,80,13,$54,,,,,,,,,,,,,,,,,,,,,,
Evan Williams 1783,80,7,$14,,,,,,,,,,,,,,,,,,,,,,
Wild Turkey Kentucky Spirit,80,7,$39,,,,,,,,,,,,,,,,,,,,,,
Baker's 107,80,22,$36,,,,,,,,,,,,,,,,,,,,,,
Edradour 12 Caledonia,80,5,$55,,,,,,,,,,,,,,,,,,,,,,
Larceny,80,5,$26,,,,,,,,,,,,,,,,,,,,,,
Oban Little Bay,80,5,$84,,,,,,,,,,,,,,,,,,,,,,
Tamdhu 10,80,5,$22,,,,,,,,,,,,,,,,,,,,,,
Willett Family Estate Rye 7y,80,5,$73,,,,,,,,,,,,,,,,,,,,,,
Caol Ila Moch,80,6,$60,,,,,,,,,,,,,,,,,,,,,,
Green Spot,80,13,$51,,,,,,,,,,,,,,,,,,,,,,
Compass Box Oak Cross,80,16,$53,,,,,,,,,,,,,,,,,,,,,,
Johnnie Walker Gold Label,80,24,$75,,,,,,,,,,,,,,,,,,,,,,
Nikka Coffey Grain,80,10,$62,,,,,,,,,,,,,,,,,,,,,,
Benromach Traditional,79,7,$36,,,,,,,,,,,,,,,,,,,,,,
Johnnie Walker Double Black,79,17,$40,,,,,,,,,,,,,,,,,,,,,,
1792 Port Finish,79,5,$42,,,,,,,,,,,,,,,,,,,,,,
Cragganmore 12,79,38,$52,,,,,,,,,,,,,,,,,,,,,,
Glenkinchie 12,79,30,$52,,,,,,,,,,,,,,,,,,,,,,
Tomintoul 16,79,10,$59,,,,,,,,,,,,,,,,,,,,,,
Woodford Reserve,79,7,$32,,,,,,,,,,,,,,,,,,,,,,
Aberlour 10,79,28,$37,,,,,,,,,,,,,,,,,,,,,,
Speyburn 10,79,19,$27,,,,,,,,,,,,,,,,,,,,,,
Ardmore Traditional Cask Peated,79,27,$47,,,,,,,,,,,,,,,,,,,,,,
Evan Williams Black Label,79,17,$13,,,,,,,,,,,,,,,,,,,,,,
Bowmore 15 Darkest,79,30,$78,,,,,,,,,,,,,,,,,,,,,,
Royal Lochnagar 12,79,7,$55,,,,,,,,,,,,,,,,,,,,,,
Wild Turkey Forgiven,79,7,$49,,,,,,,,,,,,,,,,,,,,,,
Bruichladdich Bere Barley 2006,79,6,$68,,,,,,,,,,,,,,,,,,,,,,
Dewar's 12,79,14,$28,,,,,,,,,,,,,,,,,,,,,,
Forty Creek Barrel Select,79,10,$25,,,,,,,,,,,,,,,,,,,,,,
Johnnie Walker Blue Label,79,26,$161,,,,,,,,,,,,,,,,,,,,,,
Kirkland Signature 20 Speyside Sherry Cask Finish,79,7,$45,,,,,,,,,,,,,,,,,,,,,,
Bruichladdich The Organic,79,11,$67,,,,,,,,,,,,,,,,,,,,,,
Auchentoshan 12,79,35,$51,,,,,,,,,,,,,,,,,,,,,,
Deanston 12,79,14,$52,,,,,,,,,,,,,,,,,,,,,,
George Dickel Rye,79,5,$28,,,,,,,,,,,,,,,,,,,,,,
Jefferson's Reserve,79,5,$56,,,,,,,,,,,,,,,,,,,,,,
BenRiach 12,78,15,$56,,,,,,,,,,,,,,,,,,,,,,
Compass Box Hedonism,78,27,$85,,,,,,,,,,,,,,,,,,,,,,
Glenmorangie Lasanta,78,53,$49,,,,,,,,,,,,,,,,,,,,,,
Jura Superstition,78,30,$51,,,,,,,,,,,,,,,,,,,,,,
Jim Beam Signature Craft 12,78,8,$39,,,,,,,,,,,,,,,,,,,,,,
Bladnoch 16 Signatory 1993 ,78,5,$80,,,,,,,,,,,,,,,,,,,,,,
Templeton Rye,78,5,$38,,,,,,,,,,,,,,,,,,,,,,
Bruichladdich Waves,78,6,$80,,,,,,,,,,,,,,,,,,,,,,
Laphroaig QA Cask,78,6,,,,,,,,,,,,,,,,,,,,,,,
Strathisla 12,78,5,$46,,,,,,,,,,,,,,,,,,,,,,
Buchanan's 12 De Luxe,78,7,$32,,,,,,,,,,,,,,,,,,,,,,
Hibiki 12,78,13,$72,,,,,,,,,,,,,,,,,,,,,,
Mortlach 15 Gordon & MacPhail,78,9,$70,,,,,,,,,,,,,,,,,,,,,,
Jim Beam Rye,78,5,$15,,,,,,,,,,,,,,,,,,,,,,
Pig's Nose,78,15,$30,,,,,,,,,,,,,,,,,,,,,,
Dalmore 12,77,36,$50,,,,,,,,,,,,,,,,,,,,,,
Johnnie Walker Platinum Label,77,15,$95,,,,,,,,,,,,,,,,,,,,,,
Aberfeldy 12,77,25,$44,,,,,,,,,,,,,,,,,,,,,,
Johnnie Walker Swing,77,6,$63,,,,,,,,,,,,,,,,,,,,,,
Singleton of Glendullan 12,77,9,$35,,,,,,,,,,,,,,,,,,,,,,
Glenfiddich 12,77,118,$37,,,,,,,,,,,,,,,,,,,,,,
Jack Daniel's Single Barrel,77,13,$51,,,,,,,,,,,,,,,,,,,,,,
Jim Beam Black 8 Double Aged,77,18,$27,,,,,,,,,,,,,,,,,,,,,,
Monkey Shoulder,77,36,$36,,,,,,,,,,,,,,,,,,,,,,
Glen Breton Rare 10,77,7,$80,,,,,,,,,,,,,,,,,,,,,,
Old Grand Dad 86,77,7,$12,,,,,,,,,,,,,,,,,,,,,,
Johnnie Walker Black Label,77,83,$34,,,,,,,,,,,,,,,,,,,,,,
Smokehead,77,6,,,,,,,,,,,,,,,,,,,,,,,
Glenlivet 12,77,99,$35,,,,,,,,,,,,,,,,,,,,,,
Macallan 12 Fine Oak,77,12,$65,,,,,,,,,,,,,,,,,,,,,,
Arran Port Cask Finish,77,9,$60,,,,,,,,,,,,,,,,,,,,,,
Benromach Organic,77,6,$60,,,,,,,,,,,,,,,,,,,,,,
Balcones Brimstone,77,12,$65,,,,,,,,,,,,,,,,,,,,,,
Tomintoul Peaty Tang,76,7,$45,,,,,,,,,,,,,,,,,,,,,,
Crown Royal Black,76,5,$35,,,,,,,,,,,,,,,,,,,,,,
Stronachie 12,76,5,$40,,,,,,,,,,,,,,,,,,,,,,
Old Ballantruan,76,6,$40,,,,,,,,,,,,,,,,,,,,,,
Bowmore 12,76,51,$47,,,,,,,,,,,,,,,,,,,,,,
Four Roses Yellow Label,76,18,$19,,,,,,,,,,,,,,,,,,,,,,
Black Bottle,76,22,$22,,,,,,,,,,,,,,,,,,,,,,
Chivas Regal 18,76,5,$50,,,,,,,,,,,,,,,,,,,,,,
Macallan 10 Sherry,76,6,$73,,,,,,,,,,,,,,,,,,,,,,
Dalwhinnie Distiller's Edition,76,5,$75,,,,,,,,,,,,,,,,,,,,,,
Auchentoshan Classic,76,9,$34,,,,,,,,,,,,,,,,,,,,,,
Compass Box Asyla,76,15,$43,,,,,,,,,,,,,,,,,,,,,,
Tomatin 12,76,30,$30,,,,,,,,,,,,,,,,,,,,,,
Cardhu 12,76,26,$44,,,,,,,,,,,,,,,,,,,,,,
Stranahan's Diamond Peak,76,5,$70,,,,,,,,,,,,,,,,,,,,,,
Mortlach Rare Old,75,6,$53,,,,,,,,,,,,,,,,,,,,,,
Jim Beam Devil's Cut,75,10,$23,,,,,,,,,,,,,,,,,,,,,,
Old Pulteney Navigator,75,5,$43,,,,,,,,,,,,,,,,,,,,,,
Singleton of Dufftown 12,75,6,$34,,,,,,,,,,,,,,,,,,,,,,
Tomintoul 10,75,8,$40,,,,,,,,,,,,,,,,,,,,,,
Old Charter 8,75,6,$14,,,,,,,,,,,,,,,,,,,,,,
Jameson,75,19,$25,,,,,,,,,,,,,,,,,,,,,,
Deanston Virgin Oak,75,13,$32,,,,,,,,,,,,,,,,,,,,,,
Glen Grant The Major's Reserve,75,7,$28,,,,,,,,,,,,,,,,,,,,,,
Glen Moray 12,75,7,$33,,,,,,,,,,,,,,,,,,,,,,
Famous Grouse,75,13,$24,,,,,,,,,,,,,,,,,,,,,,
Macallan Amber,74,11,$100,,,,,,,,,,,,,,,,,,,,,,
Connemara Peated,74,9,$34,,,,,,,,,,,,,,,,,,,,,,
Ancient Ancient Age 10 Star,74,5,$15,,,,,,,,,,,,,,,,,,,,,,
Glenfiddich 19 Age of Discovery Madeira Cask,74,5,$120,,,,,,,,,,,,,,,,,,,,,,
Speyside 12,74,5,,,,,,,,,,,,,,,,,,,,,,,
Glenlivet Master Distiller's Reserve,74,7,$49,,,,,,,,,,,,,,,,,,,,,,
Isle of Skye 8 Ian Macleod,74,7,$27,,,,,,,,,,,,,,,,,,,,,,
Mellow Corn,74,5,$14,,,,,,,,,,,,,,,,,,,,,,
Dimple Pinch 15,74,12,$30,,,,,,,,,,,,,,,,,,,,,,
Wild Turkey 81,74,8,$23,,,,,,,,,,,,,,,,,,,,,,
Tyrconnell Irish Single Malt,73,6,$38,,,,,,,,,,,,,,,,,,,,,,
Jura 10 Origin,73,33,$35,,,,,,,,,,,,,,,,,,,,,,
Teacher's Highland Cream,72,9,$25,,,,,,,,,,,,,,,,,,,,,,
Glengoyne 10,72,10,$42,,,,,,,,,,,,,,,,,,,,,,
Jefferson's Very Small Batch,72,7,$23,,,,,,,,,,,,,,,,,,,,,,
Nikka Pure Malt Red,72,5,$70,,,,,,,,,,,,,,,,,,,,,,
Macallan Rare Cask,72,10,$323,,,,,,,,,,,,,,,,,,,,,,
Auchentoshan American Oak,72,9,$48,,,,,,,,,,,,,,,,,,,,,,
Ballantine's Finest,72,7,$20,,,,,,,,,,,,,,,,,,,,,,
Black Grouse,72,9,$26,,,,,,,,,,,,,,,,,,,,,,
Macallan Gold,71,9,$56,,,,,,,,,,,,,,,,,,,,,,
Old Crow Reserve,70,5,$12,,,,,,,,,,,,,,,,,,,,,,
Jack Daniel's Old No. 7,70,29,$23,,,,,,,,,,,,,,,,,,,,,,
Cutty Sark Prohibition Edition,70,5,$30,,,,,,,,,,,,,,,,,,,,,,
Rebel Yell,70,5,$11,,,,,,,,,,,,,,,,,,,,,,
Chivas Regal 12,70,47,$31,,,,,,,,,,,,,,,,,,,,,,
Jim Beam White Label,70,25,$18,,,,,,,,,,,,,,,,,,,,,,
Glenrothes Select Reserve,70,12,$47,,,,,,,,,,,,,,,,,,,,,,
Old Overholt Rye,70,5,$17,,,,,,,,,,,,,,,,,,,,,,
Bushmills Original,69,8,$25,,,,,,,,,,,,,,,,,,,,,,
Penderyn Madeira,69,5,$110,,,,,,,,,,,,,,,,,,,,,,
Crown Royal Special Reserve,69,7,,,,,,,,,,,,,,,,,,,,,,,
Grant's Family Reserve,69,7,$18,,,,,,,,,,,,,,,,,,,,,,
Crown Royal,67,6,$27,,,,,,,,,,,,,,,,,,,,,,
Bowmore Legend,65,18,$27,,,,,,,,,,,,,,,,,,,,,,
McClelland Islay,63,15,$26,,,,,,,,,,,,,,,,,,,,,,
Lismore,63,6,$20,,,,,,,,,,,,,,,,,,,,,,
Cutty Sark,63,15,$21,,,,,,,,,,,,,,,,,,,,,,
Canadian Club Premium,62,5,,,,,,,,,,,,,,,,,,,,,,,
Old St. Andrews Clubhouse,62,5,$48,,,,,,,,,,,,,,,,,,,,,,
McClelland Highland,62,6,$22,,,,,,,,,,,,,,,,,,,,,,
Dewar's White Label,60,26,$21,,,,,,,,,,,,,,,,,,,,,,
Canadian Club Small Batch Classic 12,59,6,$40,,,,,,,,,,,,,,,,,,,,,,
Speyburn Bradan Orach,59,6,$20,,,,,,,,,,,,,,,,,,,,,,
Gentleman Jack,58,8,$26,,,,,,,,,,,,,,,,,,,,,,
Seagram's Seven Crown,58,6,$16,,,,,,,,,,,,,,,,,,,,,,
Balvenie Tun 1858 Batch #2,57,5,,,,,,,,,,,,,,,,,,,,,,,
Kilbeggan,52,5,$20,,,,,,,,,,,,,,,,,,,,,,
J&B Rare,49,10,$17,,,,,,,,,,,,,,,,,,,,,,
Johnnie Walker Red Label,48,47,$23,,,,,,,,,,,,,,,,,,,,,,
Bastille 1789,47,6,$30,,,,,,,,,,,,,,,,,,,,,,
Passport Scotch,42,6,$10,,,,,,,,,,,,,,,,,,,,,,
,,,,,,,,,,,,,,,,,,,,,,,,,
,,,,,,,,,,,,,,,,,,,,,,,,,
,,,,,,,,,,,,,,,,,,,,,,,,,
,,,,,,,,,,,,,,,,,,,,,,,,,
,,,,,,,,,,,,,,,,,,,,,,,,,
,,,,,,,,,,,,,,,,,,,,,,,,,
,,,,,,,,,,,,,,,,,,,,,,,,,
,,,,,,,,,,,,,,,,,,,,,,,,,
,,,,,,,,,,,,,,,,,,,,,,,,,
,,,,,,,,,,,,,,,,,,,,,,,,,
,,,,,,,,,,,,,,,,,,,,,,,,,
,,,,,,,,,,,,,,,,,,,,,,,,,
,,,,,,,,,,,,,,,,,,,,,,,,,
,,,,,,,,,,,,,,,,,,,,,,,,,
,,,,,,,,,,,,,,,,,,,,,,,,,
,,,,,,,,,,,,,,,,,,,,,,,,,
,,,,,,,,,,,,,,,,,,,,,,,,,
,,,,,,,,,,,,,,,,,,,,,,,,,
,,,,,,,,,,,,,,,,,,,,,,,,,
,,,,,,,,,,,,,,,,,,,,,,,,,
,,,,,,,,,,,,,,,,,,,,,,,,,
,,,,,,,,,,,,,,,,,,,,,,,,,
,,,,,,,,,,,,,,,,,,,,,,,,,
,,,,,,,,,,,,,,,,,,,,,,,,,
,,,,,,,,,,,,,,,,,,,,,,,,,
,,,,,,,,,,,,,,,,,,,,,,,,,
,,,,,,,,,,,,,,,,,,,,,,,,,
,,,,,,,,,,,,,,,,,,,,,,,,,
,,,,,,,,,,,,,,,,,,,,,,,,,
,,,,,,,,,,,,,,,,,,,,,,,,,
,,,,,,,,,,,,,,,,,,,,,,,,,
,,,,,,,,,,,,,,,,,,,,,,,,,
,,,,,,,,,,,,,,,,,,,,,,,,,
,,,,,,,,,,,,,,,,,,,,,,,,,
,,,,,,,,,,,,,,,,,,,,,,,,,
,,,,,,,,,,,,,,,,,,,,,,,,,
,,,,,,,,,,,,,,,,,,,,,,,,,
,,,,,,,,,,,,,,,,,,,,,,,,,
,,,,,,,,,,,,,,,,,,,,,,,,,
,,,,,,,,,,,,,,,,,,,,,,,,,
,,,,,,,,,,,,,,,,,,,,,,,,,
,,,,,,,,,,,,,,,,,,,,,,,,,
,,,,,,,,,,,,,,,,,,,,,,,,,
,,,,,,,,,,,,,,,,,,,,,,,,,
,,,,,,,,,,,,,,,,,,,,,,,,,
,,,,,,,,,,,,,,,,,,,,,,,,,
,,,,,,,,,,,,,,,,,,,,,,,,,
,,,,,,,,,,,,,,,,,,,,,,,,,
,,,,,,,,,,,,,,,,,,,,,,,,,
,,,,,,,,,,,,,,,,,,,,,,,,,
,,,,,,,,,,,,,,,,,,,,,,,,,
,,,,,,,,,,,,,,,,,,,,,,,,,
,,,,,,,,,,,,,,,,,,,,,,,,,
,,,,,,,,,,,,,,,,,,,,,,,,,
,,,,,,,,,,,,,,,,,,,,,,,,,
,,,,,,,,,,,,,,,,,,,,,,,,,
,,,,,,,,,,,,,,,,,,,,,,,,,
,,,,,,,,,,,,,,,,,,,,,,,,,
,,,,,,,,,,,,,,,,,,,,,,,,,
,,,,,,,,,,,,,,,,,,,,,,,,,
,,,,,,,,,,,,,,,,,,,,,,,,,
,,,,,,,,,,,,,,,,,,,,,,,,,
,,,,,,,,,,,,,,,,,,,,,,,,,
,,,,,,,,,,,,,,,,,,,,,,,,,
,,,,,,,,,,,,,,,,,,,,,,,,,
,,,,,,,,,,,,,,,,,,,,,,,,,
,,,,,,,,,,,,,,,,,,,,,,,,,
,,,,,,,,,,,,,,,,,,,,,,,,,
,,,,,,,,,,,,,,,,,,,,,,,,,
,,,,,,,,,,,,,,,,,,,,,,,,,
,,,,,,,,,,,,,,,,,,,,,,,,,
,,,,,,,,,,,,,,,,,,,,,,,,,
,,,,,,,,,,,,,,,,,,,,,,,,,
,,,,,,,,,,,,,,,,,,,,,,,,,
,,,,,,,,,,,,,,,,,,,,,,,,,
,,,,,,,,,,,,,,,,,,,,,,,,,
,,,,,,,,,,,,,,,,,,,,,,,,,
,,,,,,,,,,,,,,,,,,,,,,,,,
,,,,,,,,,,,,,,,,,,,,,,,,,
,,,,,,,,,,,,,,,,,,,,,,,,,
,,,,,,,,,,,,,,,,,,,,,,,,,
,,,,,,,,,,,,,,,,,,,,,,,,,
,,,,,,,,,,,,,,,,,,,,,,,,,
,,,,,,,,,,,,,,,,,,,,,,,,,
,,,,,,,,,,,,,,,,,,,,,,,,,
,,,,,,,,,,,,,,,,,,,,,,,,,
,,,,,,,,,,,,,,,,,,,,,,,,,
,,,,,,,,,,,,,,,,,,,,,,,,,
,,,,,,,,,,,,,,,,,,,,,,,,,
,,,,,,,,,,,,,,,,,,,,,,,,,
,,,,,,,,,,,,,,,,,,,,,,,,,
,,,,,,,,,,,,,,,,,,,,,,,,,
,,,,,,,,,,,,,,,,,,,,,,,,,
,,,,,,,,,,,,,,,,,,,,,,,,,
,,,,,,,,,,,,,,,,,,,,,,,,,
,,,,,,,,,,,,,,,,,,,,,,,,,
,,,,,,,,,,,,,,,,,,,,,,,,,
,,,,,,,,,,,,,,,,,,,,,,,,,
,,,,,,,,,,,,,,,,,,,,,,,,,
,,,,,,,,,,,,,,,,,,,,,,,,,
,,,,,,,,,,,,,,,,,,,,,,,,,
,,,,,,,,,,,,,,,,,,,,,,,,,
,,,,,,,,,,,,,,,,,,,,,,,,,
,,,,,,,,,,,,,,,,,,,,,,,,,
,,,,,,,,,,,,,,,,,,,,,,,,,
,,,,,,,,,,,,,,,,,,,,,,,,,
,,,,,,,,,,,,,,,,,,,,,,,,,
,,,,,,,,,,,,,,,,,,,,,,,,,
,,,,,,,,,,,,,,,,,,,,,,,,,
,,,,,,,,,,,,,,,,,,,,,,,,,
,,,,,,,,,,,,,,,,,,,,,,,,,
,,,,,,,,,,,,,,,,,,,,,,,,,
,,,,,,,,,,,,,,,,,,,,,,,,,
,,,,,,,,,,,,,,,,,,,,,,,,,
,,,,,,,,,,,,,,,,,,,,,,,,,
,,,,,,,,,,,,,,,,,,,,,,,,,
,,,,,,,,,,,,,,,,,,,,,,,,,
,,,,,,,,,,,,,,,,,,,,,,,,,
,,,,,,,,,,,,,,,,,,,,,,,,,
,,,,,,,,,,,,,,,,,,,,,,,,,
,,,,,,,,,,,,,,,,,,,,,,,,,
,,,,,,,,,,,,,,,,,,,,,,,,,
,,,,,,,,,,,,,,,,,,,,,,,,,
,,,,,,,,,,,,,,,,,,,,,,,,,
,,,,,,,,,,,,,,,,,,,,,,,,,
,,,,,,,,,,,,,,,,,,,,,,,,,
,,,,,,,,,,,,,,,,,,,,,,,,,
,,,,,,,,,,,,,,,,,,,,,,,,,
,,,,,,,,,,,,,,,,,,,,,,,,,
,,,,,,,,,,,,,,,,,,,,,,,,,
,,,,,,,,,,,,,,,,,,,,,,,,,
,,,,,,,,,,,,,,,,,,,,,,,,,
,,,,,,,,,,,,,,,,,,,,,,,,,
,,,,,,,,,,,,,,,,,,,,,,,,,
,,,,,,,,,,,,,,,,,,,,,,,,,
,,,,,,,,,,,,,,,,,,,,,,,,,
,,,,,,,,,,,,,,,,,,,,,,,,,
,,,,,,,,,,,,,,,,,,,,,,,,,
,,,,,,,,,,,,,,,,,,,,,,,,,
,,,,,,,,,,,,,,,,,,,,,,,,,
,,,,,,,,,,,,,,,,,,,,,,,,,
,,,,,,,,,,,,,,,,,,,,,,,,,
,,,,,,,,,,,,,,,,,,,,,,,,,
,,,,,,,,,,,,,,,,,,,,,,,,,
,,,,,,,,,,,,,,,,,,,,,,,,,
,,,,,,,,,,,,,,,,,,,,,,,,,
,,,,,,,,,,,,,,,,,,,,,,,,,
,,,,,,,,,,,,,,,,,,,,,,,,,
,,,,,,,,,,,,,,,,,,,,,,,,,
,,,,,,,,,,,,,,,,,,,,,,,,,
,,,,,,,,,,,,,,,,,,,,,,,,,
,,,,,,,,,,,,,,,,,,,,,,,,,
,,,,,,,,,,,,,,,,,,,,,,,,,
,,,,,,,,,,,,,,,,,,,,,,,,,
,,,,,,,,,,,,,,,,,,,,,,,,,
,,,,,,,,,,,,,,,,,,,,,,,,,
,,,,,,,,,,,,,,,,,,,,,,,,,
,,,,,,,,,,,,,,,,,,,,,,,,,
,,,,,,,,,,,,,,,,,,,,,,,,,
,,,,,,,,,,,,,,,,,,,,,,,,,
,,,,,,,,,,,,,,,,,,,,,,,,,
,,,,,,,,,,,,,,,,,,,,,,,,,
,,,,,,,,,,,,,,,,,,,,,,,,,
,,,,,,,,,,,,,,,,,,,,,,,,,
,,,,,,,,,,,,,,,,,,,,,,,,,
,,,,,,,,,,,,,,,,,,,,,,,,,
,,,,,,,,,,,,,,,,,,,,,,,,,
,,,,,,,,,,,,,,,,,,,,,,,,,
,,,,,,,,,,,,,,,,,,,,,,,,,
,,,,,,,,,,,,,,,,,,,,,,,,,
,,,,,,,,,,,,,,,,,,,,,,,,,
,,,,,,,,,,,,,,,,,,,,,,,,,
,,,,,,,,,,,,,,,,,,,,,,,,,
,,,,,,,,,,,,,,,,,,,,,,,,,
,,,,,,,,,,,,,,,,,,,,,,,,,
,,,,,,,,,,,,,,,,,,,,,,,,,
,,,,,,,,,,,,,,,,,,,,,,,,,
,,,,,,,,,,,,,,,,,,,,,,,,,
,,,,,,,,,,,,,,,,,,,,,,,,,
,,,,,,,,,,,,,,,,,,,,,,,,,
,,,,,,,,,,,,,,,,,,,,,,,,,
,,,,,,,,,,,,,,,,,,,,,,,,,
,,,,,,,,,,,,,,,,,,,,,,,,,
,,,,,,,,,,,,,,,,,,,,,,,,,
,,,,,,,,,,,,,,,,,,,,,,,,,
,,,,,,,,,,,,,,,,,,,,,,,,,
,,,,,,,,,,,,,,,,,,,,,,,,,
,,,,,,,,,,,,,,,,,,,,,,,,,
,,,,,,,,,,,,,,,,,,,,,,,,,
,,,,,,,,,,,,,,,,,,,,,,,,,
,,,,,,,,,,,,,,,,,,,,,,,,,
,,,,,,,,,,,,,,,,,,,,,,,,,
,,,,,,,,,,,,,,,,,,,,,,,,,
,,,,,,,,,,,,,,,,,,,,,,,,,
,,,,,,,,,,,,,,,,,,,,,,,,,
,,,,,,,,,,,,,,,,,,,,,,,,,
,,,,,,,,,,,,,,,,,,,,,,,,,
,,,,,,,,,,,,,,,,,,,,,,,,,
,,,,,,,,,,,,,,,,,,,,,,,,,
,,,,,,,,,,,,,,,,,,,,,,,,,
,,,,,,,,,,,,,,,,,,,,,,,,,
,,,,,,,,,,,,,,,,,,,,,,,,,
,,,,,,,,,,,,,,,,,,,,,,,,,
,,,,,,,,,,,,,,,,,,,,,,,,,
,,,,,,,,,,,,,,,,,,,,,,,,,
,,,,,,,,,,,,,,,,,,,,,,,,,
,,,,,,,,,,,,,,,,,,,,,,,,,
,,,,,,,,,,,,,,,,,,,,,,,,,
,,,,,,,,,,,,,,,,,,,,,,,,,
,,,,,,,,,,,,,,,,,,,,,,,,,
,,,,,,,,,,,,,,,,,,,,,,,,,
,,,,,,,,,,,,,,,,,,,,,,,,,
,,,,,,,,,,,,,,,,,,,,,,,,,
,,,,,,,,,,,,,,,,,,,,,,,,,
,,,,,,,,,,,,,,,,,,,,,,,,,
,,,,,,,,,,,,,,,,,,,,,,,,,
,,,,,,,,,,,,,,,,,,,,,,,,,
,,,,,,,,,,,,,,,,,,,,,,,,,
,,,,,,,,,,,,,,,,,,,,,,,,,
,,,,,,,,,,,,,,,,,,,,,,,,,
,,,,,,,,,,,,,,,,,,,,,,,,,
,,,,,,,,,,,,,,,,,,,,,,,,,
,,,,,,,,,,,,,,,,,,,,,,,,,
,,,,,,,,,,,,,,,,,,,,,,,,,
,,,,,,,,,,,,,,,,,,,,,,,,,
,,,,,,,,,,,,,,,,,,,,,,,,,
,,,,,,,,,,,,,,,,,,,,,,,,,
,,,,,,,,,,,,,,,,,,,,,,,,,
,,,,,,,,,,,,,,,,,,,,,,,,,
,,,,,,,,,,,,,,,,,,,,,,,,,
,,,,,,,,,,,,,,,,,,,,,,,,,
,,,,,,,,,,,,,,,,,,,,,,,,,
,,,,,,,,,,,,,,,,,,,,,,,,,
,,,,,,,,,,,,,,,,,,,,,,,,,
,,,,,,,,,,,,,,,,,,,,,,,,,
,,,,,,,,,,,,,,,,,,,,,,,,,
,,,,,,,,,,,,,,,,,,,,,,,,,
,,,,,,,,,,,,,,,,,,,,,,,,,
,,,,,,,,,,,,,,,,,,,,,,,,,
,,,,,,,,,,,,,,,,,,,,,,,,,
,,,,,,,,,,,,,,,,,,,,,,,,,
,,,,,,,,,,,,,,,,,,,,,,,,,
,,,,,,,,,,,,,,,,,,,,,,,,,
,,,,,,,,,,,,,,,,,,,,,,,,,
,,,,,,,,,,,,,,,,,,,,,,,,,
,,,,,,,,,,,,,,,,,,,,,,,,,
,,,,,,,,,,,,,,,,,,,,,,,,,
,,,,,,,,,,,,,,,,,,,,,,,,,
,,,,,,,,,,,,,,,,,,,,,,,,,
,,,,,,,,,,,,,,,,,,,,,,,,,
,,,,,,,,,,,,,,,,,,,,,,,,,
,,,,,,,,,,,,,,,,,,,,,,,,,
,,,,,,,,,,,,,,,,,,,,,,,,,
,,,,,,,,,,,,,,,,,,,,,,,,,
,,,,,,,,,,,,,,,,,,,,,,,,,
,,,,,,,,,,,,,,,,,,,,,,,,,
,,,,,,,,,,,,,,,,,,,,,,,,,
,,,,,,,,,,,,,,,,,,,,,,,,,
,,,,,,,,,,,,,,,,,,,,,,,,,
,,,,,,,,,,,,,,,,,,,,,,,,,
,,,,,,,,,,,,,,,,,,,,,,,,,
,,,,,,,,,,,,,,,,,,,,,,,,,
,,,,,,,,,,,,,,,,,,,,,,,,,
,,,,,,,,,,,,,,,,,,,,,,,,,
,,,,,,,,,,,,,,,,,,,,,,,,,
,,,,,,,,,,,,,,,,,,,,,,,,,
,,,,,,,,,,,,,,,,,,,,,,,,,
,,,,,,,,,,,,,,,,,,,,,,,,,
,,,,,,,,,,,,,,,,,,,,,,,,,
,,,,,,,,,,,,,,,,,,,,,,,,,
,,,,,,,,,,,,,,,,,,,,,,,,,
,,,,,,,,,,,,,,,,,,,,,,,,,
,,,,,,,,,,,,,,,,,,,,,,,,,
,,,,,,,,,,,,,,,,,,,,,,,,,
,,,,,,,,,,,,,,,,,,,,,,,,,
,,,,,,,,,,,,,,,,,,,,,,,,,
,,,,,,,,,,,,,,,,,,,,,,,,,
,,,,,,,,,,,,,,,,,,,,,,,,,
,,,,,,,,,,,,,,,,,,,,,,,,,
,,,,,,,,,,,,,,,,,,,,,,,,,
,,,,,,,,,,,,,,,,,,,,,,,,,
,,,,,,,,,,,,,,,,,,,,,,,,,
,,,,,,,,,,,,,,,,,,,,,,,,,
,,,,,,,,,,,,,,,,,,,,,,,,,
,,,,,,,,,,,,,,,,,,,,,,,,,
,,,,,,,,,,,,,,,,,,,,,,,,,
,,,,,,,,,,,,,,,,,,,,,,,,,
,,,,,,,,,,,,,,,,,,,,,,,,,
,,,,,,,,,,,,,,,,,,,,,,,,,
,,,,,,,,,,,,,,,,,,,,,,,,,
,,,,,,,,,,,,,,,,,,,,,,,,,
,,,,,,,,,,,,,,,,,,,,,,,,,
,,,,,,,,,,,,,,,,,,,,,,,,,
,,,,,,,,,,,,,,,,,,,,,,,,,
,,,,,,,,,,,,,,,,,,,,,,,,,
,,,,,,,,,,,,,,,,,,,,,,,,,
,,,,,,,,,,,,,,,,,,,,,,,,,
,,,,,,,,,,,,,,,,,,,,,,,,,
,,,,,,,,,,,,,,,,,,,,,,,,,
,,,,,,,,,,,,,,,,,,,,,,,,,
,,,,,,,,,,,,,,,,,,,,,,,,,
,,,,,,,,,,,,,,,,,,,,,,,,,
,,,,,,,,,,,,,,,,,,,,,,,,,
,,,,,,,,,,,,,,,,,,,,,,,,,
,,,,,,,,,,,,,,,,,,,,,,,,,
,,,,,,,,,,,,,,,,,,,,,,,,,
