Intermediary table,,,,,,,,,,,,,,,,,,,,,,,,,
Reviewer's Reddit Username,avg Reviewer Rating,count Reviewer Rating,min Reviewer Rating,max Reviewer Rating,avg Full Bottle Price Paid,,,,,,,,,,,,,,,,,,,,
 This_Is_BearDog,84,1,84,84,,,,,,,,,,,,,,,,,,,,,
-Vanilla-Gorilla-,89,2,88,90,,,,,,,,,,,,,,,,,,,,,
-mattybatty-,90,1,90,90,,,,,,,,,,,,,,,,,,,,,
/r/scotch,86,5,83,90,,,,,,,,,,,,,,,,,,,,,
05/15/18,82,1,82,82,,,,,,,,,,,,,,,,,,,,,
124876720,79,2,74,84,$55,,,,,,,,,,,,,,,,,,,,
12side,78,35,60,95,$85,,,,,,,,,,,,,,,,,,,,
1Calypto1,75,3,72,78,,,,,,,,,,,,,,,,,,,,,
1up_0,79,8,71,87,$116,,,,,,,,,,,,,,,,,,,,
2716057,89,1,89,89,$50,,,,,,,,,,,,,,,,,,,,
2ply,96,3,94,97,$106,,,,,,,,,,,,,,,,,,,,
30footfall,88,2,85,90,$30,,,,,,,,,,,,,,,,,,,,
31mak,72,1,72,72,,,,,,,,,,,,,,,,,,,,,
6hMinutes,69,4,20,86,,,,,,,,,,,,,,,,,,,,,
91/100,91,1,91,91,$122,,,,,,,,,,,,,,,,,,,,
Abaddon77,89,4,76,100,$47,,,,,,,,,,,,,,,,,,,,
AbsurdWhiteShark,67,2,60,74,$28,,,,,,,,,,,,,,,,,,,,
Aero14,85,5,81,87,$68,,,,,,,,,,,,,,,,,,,,
Aglassdarkley,80,1,80,80,$63,,,,,,,,,,,,,,,,,,,,
Agnostotheo,70,1,70,70,,,,,,,,,,,,,,,,,,,,,
Akira084,80,2,77,82,$60,,,,,,,,,,,,,,,,,,,,
Albanach_Olta,86,2,85,86,$55,,,,,,,,,,,,,,,,,,,,
Aldorama,78,3,75,83,,,,,,,,,,,,,,,,,,,,,
Aljn,87,1,87,87,$109,,,,,,,,,,,,,,,,,,,,
Allumina,83,153,5,97,$68,,,,,,,,,,,,,,,,,,,,
Allurex,83,60,50,94,$52,,,,,,,,,,,,,,,,,,,,
Ambiguo42,88,12,70,96,$46,,,,,,,,,,,,,,,,,,,,
An_Imperfect_Guy,78,16,60,86,$59,,,,,,,,,,,,,,,,,,,,
An_Imperfect_guy,91,1,91,91,$85,,,,,,,,,,,,,,,,,,,,
An_Outlander,79,4,75,85,,,,,,,,,,,,,,,,,,,,,
Anonymous3891,82,1,82,82,$109,,,,,,,,,,,,,,,,,,,,
Anorion,75,12,0.1,92,$35,,,,,,,,,,,,,,,,,,,,
Anyoldcard,91,1,91,91,$47,,,,,,,,,,,,,,,,,,,,
Apprenhensive_Dish,85,1,85,85,,,,,,,,,,,,,,,,,,,,,
ArchibaldHairyTuttle,77,11,55,93,,,,,,,,,,,,,,,,,,,,,
ArdbegYourPardon,82,9,35,96,$58,,,,,,,,,,,,,,,,,,,,
Ardbeg_Head,86,30,70,98,$55,,,,,,,,,,,,,,,,,,,,
Ardentfrost,85,1,85,85,$60,,,,,,,,,,,,,,,,,,,,
AreoHotahSpeedwagon,86,1,86,86,$27,,,,,,,,,,,,,,,,,,,,
Arikash,83,3,80,85,$45,,,,,,,,,,,,,,,,,,,,
ArtGar95,87,3,80,90,$51,,,,,,,,,,,,,,,,,,,,
Aspiring_Hermit,90,3,87,94,$85,,,,,,,,,,,,,,,,,,,,
Atacsin,86,4,78,95,$155,,,,,,,,,,,,,,,,,,,,
Atlas0823,85,4,84,89,$38,,,,,,,,,,,,,,,,,,,,
AtotheS,85,1,85,85,,,,,,,,,,,,,,,,,,,,,
AxlxA,83,1,83,83,$50,,,,,,,,,,,,,,,,,,,,
Baconhammock69,65,1,65,65,,,,,,,,,,,,,,,,,,,,,
Bankster0701,79,1,79,79,$50,,,,,,,,,,,,,,,,,,,,
Barcafan_925,83,6,75,90,$63,,,,,,,,,,,,,,,,,,,,
BaronScarpia,83,16,72,94,$55,,,,,,,,,,,,,,,,,,,,
BaroquenRecord,85,8,78,92,$59,,,,,,,,,,,,,,,,,,,,
Barrys_Alter_Ego,88,1,88,88,$35,,,,,,,,,,,,,,,,,,,,
Batchry88,87,15,69,94,$65,,,,,,,,,,,,,,,,,,,,
Battlecorgi,83,19,50,100,$27,,,,,,,,,,,,,,,,,,,,
BeardedDeath,87,1,87,87,$40,,,,,,,,,,,,,,,,,,,,
BeardedProf,55,1,55,55,,,,,,,,,,,,,,,,,,,,,
BebopScotch,82,10,72,95,$57,,,,,,,,,,,,,,,,,,,,
Beer_lips,86,3,84,90,$50,,,,,,,,,,,,,,,,,,,,
Befall,75,1,75,75,$55,,,,,,,,,,,,,,,,,,,,
Belindashort,90,1,90,90,,,,,,,,,,,,,,,,,,,,,
Bennasaurus,89,3,86,90,$69,,,,,,,,,,,,,,,,,,,,
BhamScotch,87,1,87,87,,,,,,,,,,,,,,,,,,,,,
BigPapiC-Dog,82,28,55,94,$78,,,,,,,,,,,,,,,,,,,,
BigPapiC-dog,88,1,88,88,$50,,,,,,,,,,,,,,,,,,,,
Big_daddy_drams,92,4,90,97,$172,,,,,,,,,,,,,,,,,,,,
BigusTranchus,80,1,80,80,$79,,,,,,,,,,,,,,,,,,,,
Biomortis,74,25,1,95,$66,,,,,,,,,,,,,,,,,,,,
BirdTurgler,85,10,77,94,$213,,,,,,,,,,,,,,,,,,,,
Blackadder77,89,1,89,89,,,,,,,,,,,,,,,,,,,,,
Blenderate,81,16,40,96,$44,,,,,,,,,,,,,,,,,,,,
BleuFarmer,82,2,80,84,,,,,,,,,,,,,,,,,,,,,
BleuFarmer`,83,1,83,83,,,,,,,,,,,,,,,,,,,,,
Bloodbag,85,1,85,85,$25,,,,,,,,,,,,,,,,,,,,
BogTrott3r,91,1,91,91,$55,,,,,,,,,,,,,,,,,,,,
Bojje,74,1,74,74,$35,,,,,,,,,,,,,,,,,,,,
Bokkos,90,1,90,90,,,,,,,,,,,,,,,,,,,,,
Booze_is_Good,86,1,86,86,$120,,,,,,,,,,,,,,,,,,,,
Booze_is_good,90,1,90,90,$59,,,,,,,,,,,,,,,,,,,,
Bostonbro5,93,1,93,93,$46,,,,,,,,,,,,,,,,,,,,
BoulderSOL,90,3,85,94,$76,,,,,,,,,,,,,,,,,,,,
BourbonOK,90,3,88,91,$34,,,,,,,,,,,,,,,,,,,,
BourbonScotchWhiskey,89,23,60,99,$45,,,,,,,,,,,,,,,,,,,,
BourbonScotchWhiskey\,90,1,90,90,$60,,,,,,,,,,,,,,,,,,,,
Bourbonski,86,1,86,86,$36,,,,,,,,,,,,,,,,,,,,
Boyd86,80,52,65,97,$58,,,,,,,,,,,,,,,,,,,,
BraggertyBrewing,90,1,90,90,$75,,,,,,,,,,,,,,,,,,,,
BrainRampage,74,1,74,74,,,,,,,,,,,,,,,,,,,,,
BramaLlama,94,1,94,94,$37,,,,,,,,,,,,,,,,,,,,
Bravado,87,6,82,95,,,,,,,,,,,,,,,,,,,,,
Brent_in_Aurora,85,1,85,85,$55,,,,,,,,,,,,,,,,,,,,
Brettness,85,5,82,87,$47,,,,,,,,,,,,,,,,,,,,
Brewrambler,90,12,80,96,$63,,,,,,,,,,,,,,,,,,,,
BrianMB05,89,3,80,93,,,,,,,,,,,,,,,,,,,,,
BrianRampage,81,4,77,86,$19,,,,,,,,,,,,,,,,,,,,
Brian_MB_05,85,29,40,94,$75,,,,,,,,,,,,,,,,,,,,
BruceWinslow,83,6,70,92,$53,,,,,,,,,,,,,,,,,,,,
BryanUsrey,82,9,69,90,,,,,,,,,,,,,,,,,,,,,
CalZeta,84,37,68,95,$59,,,,,,,,,,,,,,,,,,,,
CallRespiratory,87,1,87,87,$50,,,,,,,,,,,,,,,,,,,,
CallToPower,88,3,80,93,,,,,,,,,,,,,,,,,,,,,
CandyMan77,81,28,30,96,$61,,,,,,,,,,,,,,,,,,,,
Cannalyzer,82,16,75,90,$93,,,,,,,,,,,,,,,,,,,,
CaptainPortugal,95,1,95,95,,,,,,,,,,,,,,,,,,,,,
CatalinaWineMixer12,89,10,81,94,$41,,,,,,,,,,,,,,,,,,,,
CausticPanda,89,2,87,91,$50,,,,,,,,,,,,,,,,,,,,
Chain Chompsky,79,1,79,79,$110,,,,,,,,,,,,,,,,,,,,
ChainChompsky,86,171,20,100,$74,,,,,,,,,,,,,,,,,,,,
Champis,86,1,86,86,,,,,,,,,,,,,,,,,,,,,
Cheesy74,82,1,82,82,$60,,,,,,,,,,,,,,,,,,,,
ChefWRX,82,1,82,82,$55,,,,,,,,,,,,,,,,,,,,
Cirno,89,3,84,92,$60,,,,,,,,,,,,,,,,,,,,
Clapyourhandssayyeah,91,1,91,91,,,,,,,,,,,,,,,,,,,,,
ClayDavisAllOverYa,80,1,80,80,,,,,,,,,,,,,,,,,,,,,
Clintrojan,98,1,98,98,$80,,,,,,,,,,,,,,,,,,,,
ClydeMachine,81,10,75,90,$61,,,,,,,,,,,,,,,,,,,,
CocaineSympathy,87,1,87,87,$48,,,,,,,,,,,,,,,,,,,,
CocktailChemist,78,18,70,88,$43,,,,,,,,,,,,,,,,,,,,
CodaRaven,80,5,68,90,$62,,,,,,,,,,,,,,,,,,,,
Code__Brown,87,1,87,87,$70,,,,,,,,,,,,,,,,,,,,
Coltonmiller7,88,8,84,93,$33,,,,,,,,,,,,,,,,,,,,
ComSat,90,1,90,90,,,,,,,,,,,,,,,,,,,,,
Comintern,82,25,67,90,$48,,,,,,,,,,,,,,,,,,,,
Comintern / CaptainDickPuncher,85,1,85,85,,,,,,,,,,,,,,,,,,,,,
ComputerGeek485,84,74,65,98,$50,,,,,,,,,,,,,,,,,,,,
Computergeek485,94,1,94,94,$150,,,,,,,,,,,,,,,,,,,,
Constant_Rookie,83,4,76,90,$30,,,,,,,,,,,,,,,,,,,,
ConstipatedNinja,88,4,84,96,$54,,,,,,,,,,,,,,,,,,,,
CoolHandJack17,85,5,80,91,$60,,,,,,,,,,,,,,,,,,,,
CosmicReign,84,2,75,92,$58,,,,,,,,,,,,,,,,,,,,
Cowboylaw,65,1,65,65,$55,,,,,,,,,,,,,,,,,,,,
CptRedEye,77,2,65,89,$37,,,,,,,,,,,,,,,,,,,,
Cpwdos2,89,2,87,90,$62,,,,,,,,,,,,,,,,,,,,
CrackAndWhistle,71,8,40,90,$15,,,,,,,,,,,,,,,,,,,,
CraigularB,86,2,80,91,$97,,,,,,,,,,,,,,,,,,,,
Crazed_Gentleman,65,1,65,65,,,,,,,,,,,,,,,,,,,,,
CreamSpinachYo,84,5,57,95,$59,,,,,,,,,,,,,,,,,,,,
CrushHazard,89,2,86,92,$74,,,,,,,,,,,,,,,,,,,,
Crusher710,86,6,75,93,$33,,,,,,,,,,,,,,,,,,,,
Cryptowillem,79,1,79,79,,,,,,,,,,,,,,,,,,,,,
CurlyBill23,80,1,80,80,,,,,,,,,,,,,,,,,,,,,
DDukedesu,84,22,45,94,$63,,,,,,,,,,,,,,,,,,,,
DE884,83,118,60,93,$77,,,,,,,,,,,,,,,,,,,,
DJ-Salinger,90,1,90,90,,,,,,,,,,,,,,,,,,,,,
DJLakhs,80,2,70,90,$39,,,,,,,,,,,,,,,,,,,,
DNApolymerase,82,21,40,94,$45,,,,,,,,,,,,,,,,,,,,
DaddyNeedsPow,88,1,88,88,$65,,,,,,,,,,,,,,,,,,,,
DaeniusZ,84,29,35,98,$63,,,,,,,,,,,,,,,,,,,,
Daft_Hunk,83,63,10,100,$123,,,,,,,,,,,,,,,,,,,,
Daguratsu,93,1,93,93,$80,,,,,,,,,,,,,,,,,,,,
Dan_Qualude,92,3,90,94,$85,,,,,,,,,,,,,,,,,,,,
DariusL,86,1,86,86,,,,,,,,,,,,,,,,,,,,,
Darthmangini,80,1,80,80,$55,,,,,,,,,,,,,,,,,,,,
Daymanahaaah,92,1,92,92,,,,,,,,,,,,,,,,,,,,,
Deaconpdx,87,2,80,94,$55,,,,,,,,,,,,,,,,,,,,
Deaddard,66,1,66,66,$150,,,,,,,,,,,,,,,,,,,,
Deathkraiser,85,1,85,85,,,,,,,,,,,,,,,,,,,,,
Deeg67,90,4,88,90,$57,,,,,,,,,,,,,,,,,,,,
Derren_Browns_Parrot,83,2,76,89,,,,,,,,,,,,,,,,,,,,,
DeuceLoosely,91,2,89,92,$60,,,,,,,,,,,,,,,,,,,,
Deus Mortus,98,1,98,98,$225,,,,,,,,,,,,,,,,,,,,
DeusMortus,85,1,85,85,$60,,,,,,,,,,,,,,,,,,,,
Diligent Nose,52,1,52,52,,,,,,,,,,,,,,,,,,,,,
Diligent_Nose,86,16,74,93,,,,,,,,,,,,,,,,,,,,,
Dingobait,78,4,52,94,$46,,,,,,,,,,,,,,,,,,,,
Diomedes__,90,1,90,90,$70,,,,,,,,,,,,,,,,,,,,
DirtLoves,87,22,70,98,$62,,,,,,,,,,,,,,,,,,,,
Disco_Biscuit,87,16,70,96,,,,,,,,,,,,,,,,,,,,,
Dist,86,1,86,86,,,,,,,,,,,,,,,,,,,,,
DistillAsian,84,89,65,93,$144,,,,,,,,,,,,,,,,,,,,
DistillAsian ,87,1,87,87,,,,,,,,,,,,,,,,,,,,,
Distq,86,8,77,94,$64,,,,,,,,,,,,,,,,,,,,
DnD_References,87,16,81,93,$66,,,,,,,,,,,,,,,,,,,,
Dob4557,82,4,76,90,$65,,,,,,,,,,,,,,,,,,,,
DocAnvil,85,1,85,85,$48,,,,,,,,,,,,,,,,,,,,
Dodecadildo,94,1,94,94,$50,,,,,,,,,,,,,,,,,,,,
DonPellegrino,85,4,78,91,$55,,,,,,,,,,,,,,,,,,,,
Dottede,75,1,75,75,,,,,,,,,,,,,,,,,,,,,
DrHGScience,85,1,85,85,$38,,,,,,,,,,,,,,,,,,,,
DrHands,95,2,95,95,$50,,,,,,,,,,,,,,,,,,,,
DrPeterVenkman_,83,1,83,83,$10,,,,,,,,,,,,,,,,,,,,
DrSlappyPants,94,1,94,94,$40,,,,,,,,,,,,,,,,,,,,
Dr_Darcy,94,2,92,95,,,,,,,,,,,,,,,,,,,,,
DramFan,82,7,71,93,$57,,,,,,,,,,,,,,,,,,,,
Dramonaut,87,35,66,95,$68,,,,,,,,,,,,,,,,,,,,
Dranawor,94,1,94,94,$125,,,,,,,,,,,,,,,,,,,,
Drumguish,67,6,20,90,$47,,,,,,,,,,,,,,,,,,,,
DrunkVinnie,82,1,82,82,$45,,,,,,,,,,,,,,,,,,,,
DuhMightyBeanz,79,3,68,88,,,,,,,,,,,,,,,,,,,,,
DustbinK,79,5,60,87,$63,,,,,,,,,,,,,,,,,,,,
Dworgi,80,308,1,98,$72,,,,,,,,,,,,,,,,,,,,
Dychi,85,3,80,90,$63,,,,,,,,,,,,,,,,,,,,
EMoneySC2,87,51,70,98,$72,,,,,,,,,,,,,,,,,,,,
ETAOIN_SHRDLU,76,3,60,85,$40,,,,,,,,,,,,,,,,,,,,
EhrenISnuts,90,1,90,90,$180,,,,,,,,,,,,,,,,,,,,
Eisfeld,81,1,81,81,$50,,,,,,,,,,,,,,,,,,,,
ElHeavio,75,2,70,79,$48,,,,,,,,,,,,,,,,,,,,
EldritchEmber,89,1,89,89,,,,,,,,,,,,,,,,,,,,,
EliteMcScruffin,85,5,81,90,$98,,,,,,,,,,,,,,,,,,,,
Equinox21_,88,1,88,88,,,,,,,,,,,,,,,,,,,,,
ErisianRationalist,72,3,55,84,$20,,,,,,,,,,,,,,,,,,,,
ErnestWorthing,92,2,88,96,$11,,,,,,,,,,,,,,,,,,,,
Esman78,82,2,78,85,$93,,,,,,,,,,,,,,,,,,,,
Ethanized,82,395,3.5,95,$61,,,,,,,,,,,,,,,,,,,,
Ethenolas,90,7,83,96,$42,,,,,,,,,,,,,,,,,,,,
Experts-say,92,1,92,92,$62,,,,,,,,,,,,,,,,,,,,
FantasticSlams,88,8,72,97,$40,,,,,,,,,,,,,,,,,,,,
FateOfJericho,87,1,87,87,,,,,,,,,,,,,,,,,,,,,
Father Boddingtons,82,1,82,82,,,,,,,,,,,,,,,,,,,,,
Father_Boddingtons,88,75,72,99,$87,,,,,,,,,,,,,,,,,,,,
FatherofMeatballs,96,1,96,96,$79,,,,,,,,,,,,,,,,,,,,
FenjaminBlankrin,90,1,90,90,$55,,,,,,,,,,,,,,,,,,,,
Ferdthepenguinguy,88,1,88,88,$55,,,,,,,,,,,,,,,,,,,,
Fermentationist,79,6,72,84,$28,,,,,,,,,,,,,,,,,,,,
Fjodor_D,88,1,88,88,$60,,,,,,,,,,,,,,,,,,,,
Fleming007,90,7,85,93,$120,,,,,,,,,,,,,,,,,,,,
Fletch062,82,6,75,85,$68,,,,,,,,,,,,,,,,,,,,
Flipmastertightness,75,1,75,75,$30,,,,,,,,,,,,,,,,,,,,
FlockOnFire,81,19,72,94,$49,,,,,,,,,,,,,,,,,,,,
FlyingCowOfDoom,90,1,90,90,,,,,,,,,,,,,,,,,,,,,
Flynn58,72,12,53,87,$55,,,,,,,,,,,,,,,,,,,,
Flynn_lives,90,1,90,90,$75,,,,,,,,,,,,,,,,,,,,
Force_Radish,94,1,94,94,$150,,,,,,,,,,,,,,,,,,,,
FrankBlizzard,86,3,80,93,$72,,,,,,,,,,,,,,,,,,,,
FromPaul,90,10,83,96,,,,,,,,,,,,,,,,,,,,,
FrustratedRocka,83,7,65,92,$25,,,,,,,,,,,,,,,,,,,,
Fshklr1,83,1,83,83,,,,,,,,,,,,,,,,,,,,,
FullYellowJacket,90,2,89,90,$63,,,,,,,,,,,,,,,,,,,,
Furgles,91,1,91,91,$73,,,,,,,,,,,,,,,,,,,,
FuzzyWildcat,82,50,45,94,$53,,,,,,,,,,,,,,,,,,,,
GATechAE07,80,1,80,80,$59,,,,,,,,,,,,,,,,,,,,
GKW,90,1,90,90,$63,,,,,,,,,,,,,,,,,,,,
GR1MF1ST,85,4,84,86,$44,,,,,,,,,,,,,,,,,,,,
GWCad,91,10,87,95,$52,,,,,,,,,,,,,,,,,,,,
Gaija,88,50,74,93,$125,,,,,,,,,,,,,,,,,,,,
Gator19,81,10,75,88,,,,,,,,,,,,,,,,,,,,,
Gee2theGee,77,1,77,77,$30,,,,,,,,,,,,,,,,,,,,
Geko_,86,3,85,87,$58,,,,,,,,,,,,,,,,,,,,
GenTsoChickenX,84,2,79,89,$80,,,,,,,,,,,,,,,,,,,,
GenTsoChickenX ,93,1,93,93,$70,,,,,,,,,,,,,,,,,,,,
Generalbirdy,76,3,70,80,,,,,,,,,,,,,,,,,,,,,
GentsochickenX,86,2,82,89,,,,,,,,,,,,,,,,,,,,,
GenuineSounds,83,1,83,83,$50,,,,,,,,,,,,,,,,,,,,
GeoFitz,81,2,69,92,$60,,,,,,,,,,,,,,,,,,,,
GeoFitz4,83,5,79,92,$56,,,,,,,,,,,,,,,,,,,,
GeoGeoGeoGeo,89,3,86,92,$187,,,,,,,,,,,,,,,,,,,,
GeoffreysTitSandwich,60,1,60,60,$16,,,,,,,,,,,,,,,,,,,,
Ghostofgoose,80,1,80,80,$187,,,,,,,,,,,,,,,,,,,,
GloryFish,82,1,82,82,$49,,,,,,,,,,,,,,,,,,,,
GoBigRed10,91,2,86,96,,,,,,,,,,,,,,,,,,,,,
GoCards2011,82,1,82,82,$58,,,,,,,,,,,,,,,,,,,,
Gockel,81,10,70,90,$37,,,,,,,,,,,,,,,,,,,,
Godisman,94,7,90,97,$150,,,,,,,,,,,,,,,,,,,,
Gonri,85,1,85,85,$56,,,,,,,,,,,,,,,,,,,,
Gr1ggs,84,25,69,95,,,,,,,,,,,,,,,,,,,,,
Graggy,82,16,70,90,$34,,,,,,,,,,,,,,,,,,,,
GraphiteZeppelin,75,1,75,75,$60,,,,,,,,,,,,,,,,,,,,
Graphitezeppelin,72,1,72,72,$50,,,,,,,,,,,,,,,,,,,,
GreyhoundForTuxedo,82,8,61,91,$54,,,,,,,,,,,,,,,,,,,,
Grundy23,83,20,60,100,$39,,,,,,,,,,,,,,,,,,,,
Grutslurp,87,7,80,92,,,,,,,,,,,,,,,,,,,,,
GuidoN1974,80,2,80,80,$29,,,,,,,,,,,,,,,,,,,,
GusOrviston,89,1,89,89,$50,,,,,,,,,,,,,,,,,,,,
HEALTH_DISCO,90,1,90,90,$55,,,,,,,,,,,,,,,,,,,,
Hadriano2,90,1,90,90,$160,,,,,,,,,,,,,,,,,,,,
HandofApath,87,1,87,87,$150,,,,,,,,,,,,,,,,,,,,
Hannibal_Montana,86,1,86,86,$110,,,,,,,,,,,,,,,,,,,,
HarryLillis,100,1,100,100,$71,,,,,,,,,,,,,,,,,,,,
Harvo,70,1,70,70,$50,,,,,,,,,,,,,,,,,,,,
HassanOfTheWastes,87,3,84,89,$30,,,,,,,,,,,,,,,,,,,,
HauntedKhan,82,18,70,91,$80,,,,,,,,,,,,,,,,,,,,
Hauntedkhan,84,1,84,84,,,,,,,,,,,,,,,,,,,,,
Havekk,91,1,91,91,$46,,,,,,,,,,,,,,,,,,,,
HawkI84,87,615,20,99,$94,,,,,,,,,,,,,,,,,,,,
HearSeeFeel,86,3,80,95,$85,,,,,,,,,,,,,,,,,,,,
Heidra,80,1,80,80,,,,,,,,,,,,,,,,,,,,,
HeldenDrammer,88,12,82,92,$60,,,,,,,,,,,,,,,,,,,,
Heliumiami,85,1,85,85,$30,,,,,,,,,,,,,,,,,,,,
Hello_Nasty,76,2,73,78,,,,,,,,,,,,,,,,,,,,,
HerpDerpermann,92,1,92,92,,,,,,,,,,,,,,,,,,,,,
HeyJude21,83,1,83,83,$15,,,,,,,,,,,,,,,,,,,,
HiddenFremen,95,1,95,95,$102,,,,,,,,,,,,,,,,,,,,
Highland,79,1,79,79,,,,,,,,,,,,,,,,,,,,,
Hispes,88,10,75,95,$102,,,,,,,,,,,,,,,,,,,,
Hmm4,87,8,78,89,,,,,,,,,,,,,,,,,,,,,
Hosko817,89,2,87,90,,,,,,,,,,,,,,,,,,,,,
Hryelle,91,2,86,95,,,,,,,,,,,,,,,,,,,,,
Hukisop,74,1,74,74,,,,,,,,,,,,,,,,,,,,,
Hurricane2017,95,1,95,95,$65,,,,,,,,,,,,,,,,,,,,
Hutchero,85,1,85,85,$75,,,,,,,,,,,,,,,,,,,,
Hxstr,92,1,92,92,$127,,,,,,,,,,,,,,,,,,,,
IAmTipsy,80,1,80,80,$45,,,,,,,,,,,,,,,,,,,,
IMgRate,96,1,96,96,$110,,,,,,,,,,,,,,,,,,,,
I_637261636b_bits,87,7,78,94,$87,,,,,,,,,,,,,,,,,,,,
I_SAID_NO_GOLDFISH,73,399,45,95,,,,,,,,,,,,,,,,,,,,,
I_Wear_Two_Monocles,87,6,80,94,$76,,,,,,,,,,,,,,,,,,,,
I_love_quiche,75,3,70,83,$46,,,,,,,,,,,,,,,,,,,,
IamNorris,70,1,70,70,,,,,,,,,,,,,,,,,,,,,
IestJ,55,1,55,55,,,,,,,,,,,,,,,,,,,,,
Im-a-scientist,84,2,80,87,$72,,,,,,,,,,,,,,,,,,,,
ImGrate,89,25,80,95,$64,,,,,,,,,,,,,,,,,,,,
Im_clean,40,1,40,40,$13,,,,,,,,,,,,,,,,,,,,
Imaslapyou,88,62,78,98,$120,,,,,,,,,,,,,,,,,,,,
Implar,84,26,76,89,$58,,,,,,,,,,,,,,,,,,,,
Implar ,88,1,88,88,,,,,,,,,,,,,,,,,,,,,
Indiebaird,84,1,84,84,$32,,,,,,,,,,,,,,,,,,,,
IndustrialEngineer23,71,4,20,95,$48,,,,,,,,,,,,,,,,,,,,
Into_The_River,92,1,92,92,$60,,,,,,,,,,,,,,,,,,,,
Iohet,80,1,80,80,$27,,,,,,,,,,,,,,,,,,,,
Ionis,80,1,80,80,$28,,,,,,,,,,,,,,,,,,,,
JCamp4,85,21,60,97,$42,,,,,,,,,,,,,,,,,,,,
JCappy,83,112,35,97,$71,,,,,,,,,,,,,,,,,,,,
JWBenjamin,87,3,81,94,$53,,,,,,,,,,,,,,,,,,,,
JWBenjamin ,91,1,91,91,$60,,,,,,,,,,,,,,,,,,,,
Jabbathebum,89,1,89,89,,,,,,,,,,,,,,,,,,,,,
Jackalgrim,86,11,75,96,$68,,,,,,,,,,,,,,,,,,,,
Jacksonator5000,85,1,85,85,$30,,,,,,,,,,,,,,,,,,,,
JacobRiley,85,4,72,90,$52,,,,,,,,,,,,,,,,,,,,
Jacobriley,91,1,91,91,,,,,,,,,,,,,,,,,,,,,
Jan-12,81,141,62,91,$63,,,,,,,,,,,,,,,,,,,,
Jargonslayer,95,1,95,95,$100,,,,,,,,,,,,,,,,,,,,
JasonSteelflex,89,7,82,96,$32,,,,,,,,,,,,,,,,,,,,
Jayruu,86,2,82,90,$39,,,,,,,,,,,,,,,,,,,,
Jef_Costello,76,1,76,76,,,,,,,,,,,,,,,,,,,,,
Jefersonthepisces,87,38,60,95,$50,,,,,,,,,,,,,,,,,,,,
JeremySenpai,60,1,60,60,$15,,,,,,,,,,,,,,,,,,,,
JesuswithanAK,87,3,78,95,$48,,,,,,,,,,,,,,,,,,,,
JetJagusaurus,73,2,70,75,$54,,,,,,,,,,,,,,,,,,,,
Jimmigee,70,1,70,70,,,,,,,,,,,,,,,,,,,,,
Jimmytbook,89,10,83,94,$86,,,,,,,,,,,,,,,,,,,,
Joan_de_Gant,67,45,15,90,$43,,,,,,,,,,,,,,,,,,,,
JoeTerp13,86,31,74,95,$47,,,,,,,,,,,,,,,,,,,,
JoeyJo0,81,4,65,95,$45,,,,,,,,,,,,,,,,,,,,
JoeyJoeJoeJrShabadoo,85,1,85,85,$25,,,,,,,,,,,,,,,,,,,,
John_Unfil,85,7,75,95,$77,,,,,,,,,,,,,,,,,,,,
JohnnyDread,96,1,96,96,$420,,,,,,,,,,,,,,,,,,,,
JoseCanseco,97,1,97,97,$54,,,,,,,,,,,,,,,,,,,,
JoshCC7,83,5,77,87,$43,,,,,,,,,,,,,,,,,,,,
JoshuasDad714,90,1,90,90,$50,,,,,,,,,,,,,,,,,,,,
Jtones0009,87,1,87,87,,,,,,,,,,,,,,,,,,,,,
Juke_Box,78,7,42,91,$86,,,,,,,,,,,,,,,,,,,,
Juke_box,85,1,85,85,$70,,,,,,,,,,,,,,,,,,,,
Jumpman_2315,88,1,88,88,$28,,,,,,,,,,,,,,,,,,,,
Jwilly019,83,37,60,98,$118,,,,,,,,,,,,,,,,,,,,
KW160,85,32,69,94,$56,,,,,,,,,,,,,,,,,,,,
Kaesekopf,88,2,85,90,$25,,,,,,,,,,,,,,,,,,,,
Kaffemonster,84,1,84,84,,,,,,,,,,,,,,,,,,,,,
KaiForceOne,89,8,82,93,$60,,,,,,,,,,,,,,,,,,,,
KamBC,88,9,78,97,,,,,,,,,,,,,,,,,,,,,
Kamen_Ketamine,89,2,87,90,$38,,,,,,,,,,,,,,,,,,,,
KaptianKrush,83,1,83,83,$80,,,,,,,,,,,,,,,,,,,,
KarmaReckoner,85,1,85,85,,,,,,,,,,,,,,,,,,,,,
Kartik_Vasu,46,1,46,46,$15,,,,,,,,,,,,,,,,,,,,
KayakAndTonic,75,2,75,75,$24,,,,,,,,,,,,,,,,,,,,
Kebel87,86,1,86,86,$100,,,,,,,,,,,,,,,,,,,,
KeepItDense,87,9,84,91,$83,,,,,,,,,,,,,,,,,,,,
KidUncertainty,87,4,80,94,,,,,,,,,,,,,,,,,,,,,
Kijad,95,1,95,95,$125,,,,,,,,,,,,,,,,,,,,
Killectro,92,2,89,94,$113,,,,,,,,,,,,,,,,,,,,
Kilrathi,85,16,72,92,$48,,,,,,,,,,,,,,,,,,,,
KingFantastic,76,1,76,76,$60,,,,,,,,,,,,,,,,,,,,
Kirby6365,95,1,95,95,$215,,,,,,,,,,,,,,,,,,,,
KozureOkami,75,1,75,75,$30,,,,,,,,,,,,,,,,,,,,
Krafla,75,1,75,75,$20,,,,,,,,,,,,,,,,,,,,
Kujo_A2,86,1,86,86,,,,,,,,,,,,,,,,,,,,,
LA_Drone_415,85,3,70,92,$39,,,,,,,,,,,,,,,,,,,,
LandMime,85,1,85,85,$45,,,,,,,,,,,,,,,,,,,,
Lasidar,85,224,45,98,,,,,,,,,,,,,,,,,,,,,
LecheConCarnie,73,2,70,76,$27,,,,,,,,,,,,,,,,,,,,
Legoaddict,91,8,80,98,$99,,,,,,,,,,,,,,,,,,,,
Lereas,91,2,90,91,$58,,,,,,,,,,,,,,,,,,,,
Lerk409,88,5,81,96,$38,,,,,,,,,,,,,,,,,,,,
LetThereBeR0ck,88,299,20,98,$70,,,,,,,,,,,,,,,,,,,,
Letter10,86,13,64,95,$103,,,,,,,,,,,,,,,,,,,,
LgnTss,81,5,55,92,,,,,,,,,,,,,,,,,,,,,
Lighterless,80,3,65,89,$36,,,,,,,,,,,,,,,,,,,,
Lightseeker239,95,2,95,95,$70,,,,,,,,,,,,,,,,,,,,
Logic007,80,1,80,80,,,,,,,,,,,,,,,,,,,,,
LordHighVisionary,87,9,77,96,$63,,,,,,,,,,,,,,,,,,,,
LouisTheCat,83,3,81,85,$113,,,,,,,,,,,,,,,,,,,,
LucianLutrae,76,2,63,89,$27,,,,,,,,,,,,,,,,,,,,
Lurksoften,80,1,80,80,$45,,,,,,,,,,,,,,,,,,,,
M-J-B,81,5,73,88,,,,,,,,,,,,,,,,,,,,,
MAIM_KILL_BURN,88,2,81,94,$44,,,,,,,,,,,,,,,,,,,,
MJacket_,83,25,44,95,$43,,,,,,,,,,,,,,,,,,,,
MK314,86,5,66,97,$85,,,,,,,,,,,,,,,,,,,,
MTMR,85,48,45,97,$36,,,,,,,,,,,,,,,,,,,,
MacMuse,83,24,45,99,$39,,,,,,,,,,,,,,,,,,,,
Mad-Quasimoto,91,1,91,91,,,,,,,,,,,,,,,,,,,,,
MadHatter_6,84,1,84,84,$50,,,,,,,,,,,,,,,,,,,,
Madgraf,85,524,50,100,,,,,,,,,,,,,,,,,,,,,
Mail_Me_Yuengling,72,7,40,91,$32,,,,,,,,,,,,,,,,,,,,
Major Hop,82,2,78,85,$40,,,,,,,,,,,,,,,,,,,,
MajorHop,79,451,35,96,$59,,,,,,,,,,,,,,,,,,,,
MajorMax08,74,2,70,78,$32,,,,,,,,,,,,,,,,,,,,
Majorhop,81,3,74,87,,,,,,,,,,,,,,,,,,,,,
Maladomini,93,1,93,93,$115,,,,,,,,,,,,,,,,,,,,
MalcolmPF,80,2,70,90,$63,,,,,,,,,,,,,,,,,,,,
MalcolmReynoldsWrap,77,1,77,77,$55,,,,,,,,,,,,,,,,,,,,
MaltyJR,80,1,80,80,$72,,,,,,,,,,,,,,,,,,,,
Margra,83,1,83,83,,,,,,,,,,,,,,,,,,,,,
MassW0rks,86,2,82,89,$21,,,,,,,,,,,,,,,,,,,,
Mathis007,84,1,84,84,$48,,,,,,,,,,,,,,,,,,,,
MaxRecline,89,1,89,89,$50,,,,,,,,,,,,,,,,,,,,
MaximanX,82,2,79,85,,,,,,,,,,,,,,,,,,,,,
Maxrecline ,82,1,82,82,$60,,,,,,,,,,,,,,,,,,,,
Mayway,84,2,80,88,$57,,,,,,,,,,,,,,,,,,,,
MeanwhileInSAfrica,87,3,82,90,$56,,,,,,,,,,,,,,,,,,,,
Mehberry,63,6,36,92,$55,,,,,,,,,,,,,,,,,,,,
Memoriae,91,2,90,92,$46,,,,,,,,,,,,,,,,,,,,
MeneerGorsline,76,1,76,76,$26,,,,,,,,,,,,,,,,,,,,
MerliSYD,85,3,81,90,,,,,,,,,,,,,,,,,,,,,
MicMumbles,83,90,45,100,$48,,,,,,,,,,,,,,,,,,,,
MikeOnFire,80,1,80,80,$50,,,,,,,,,,,,,,,,,,,,
Milkshakes4Breakfast,68,1,68,68,,,,,,,,,,,,,,,,,,,,,
MindlessAutomata,88,2,85,90,$67,,,,,,,,,,,,,,,,,,,,
Modus___Pwnens,90,4,83,97,$36,,,,,,,,,,,,,,,,,,,,
MonsieurZaccone,82,21,68,92,$71,,,,,,,,,,,,,,,,,,,,
MonsiuerZaccone,79,1,79,79,,,,,,,,,,,,,,,,,,,,,
Mountaindram,85,1,85,85,$128,,,,,,,,,,,,,,,,,,,,
MrLachrymose,93,1,93,93,,,,,,,,,,,,,,,,,,,,,
MrLithic,92,4,85,97,$235,,,,,,,,,,,,,,,,,,,,
MrMarblesTI,87,1,87,87,$25,,,,,,,,,,,,,,,,,,,,
MrNotSoSure,90,1,90,90,$105,,,,,,,,,,,,,,,,,,,,
MrPuffin,87,1,87,87,$45,,,,,,,,,,,,,,,,,,,,
MrVilliam,88,3,82,92,$110,,,,,,,,,,,,,,,,,,,,
Mr_Ected,86,1,86,86,$30,,,,,,,,,,,,,,,,,,,,
Mr_dkatz,85,34,67,94,$64,,,,,,,,,,,,,,,,,,,,
Mrrocketphat ,88,1,88,88,,,,,,,,,,,,,,,,,,,,,
Mrslinger85,80,1,80,80,$115,,,,,,,,,,,,,,,,,,,,
MyL1ttlepwnys,86,1,86,86,$24,,,,,,,,,,,,,,,,,,,,
My_Name_Too,65,2,50,80,$40,,,,,,,,,,,,,,,,,,,,
Myburgher,81,3,78,84,,,,,,,,,,,,,,,,,,,,,
Myownfanclub,80,1,80,80,$42,,,,,,,,,,,,,,,,,,,,
NJWhiskeyHunter,90,1,90,90,,,,,,,,,,,,,,,,,,,,,
NOLAHarry,88,1,88,88,$24,,,,,,,,,,,,,,,,,,,,
NWBrewer,93,2,90,95,$69,,,,,,,,,,,,,,,,,,,,
NastyGrandma,84,3,79,90,$58,,,,,,,,,,,,,,,,,,,,
NavyIS2,65,1,65,65,,,,,,,,,,,,,,,,,,,,,
Navyis2,81,5,74,90,,,,,,,,,,,,,,,,,,,,,
Ndembu,91,1,91,91,$60,,,,,,,,,,,,,,,,,,,,
NeuralLotus,87,1,87,87,$60,,,,,,,,,,,,,,,,,,,,
Neversafeforlife,84,16,68,98,$64,,,,,,,,,,,,,,,,,,,,
NextFlightHome,92,1,92,92,$32,,,,,,,,,,,,,,,,,,,,
NibrocNZ,92,1,92,92,$160,,,,,,,,,,,,,,,,,,,,
NiceGuyMike,83,2,74,92,$84,,,,,,,,,,,,,,,,,,,,
Nick Charles,81,1,81,81,,,,,,,,,,,,,,,,,,,,,
NickCharles,88,7,83,95,$16,,,,,,,,,,,,,,,,,,,,
NicoWaat,81,6,70,90,$123,,,,,,,,,,,,,,,,,,,,
Nicolaiw,96,1,96,96,$261,,,,,,,,,,,,,,,,,,,,
Nifarious,89,2,86,92,$78,,,,,,,,,,,,,,,,,,,,
NoFanSky,86,15,78,94,$63,,,,,,,,,,,,,,,,,,,,
NobleArc,80,96,43,93,$91,,,,,,,,,,,,,,,,,,,,
NonChillFiltered,93,2,92,94,,,,,,,,,,,,,,,,,,,,,
Nonviolentwar,88,1,88,88,$66,,,,,,,,,,,,,,,,,,,,
Nope816,76,1,76,76,$53,,,,,,,,,,,,,,,,,,,,
Nordberg1,82,4,78,86,$31,,,,,,,,,,,,,,,,,,,,
Notabadassoverhere,75,1,75,75,$39,,,,,,,,,,,,,,,,,,,,
ODMBitters,81,83,43,93,$45,,,,,,,,,,,,,,,,,,,,
Obijasi,53,3,40,70,$35,,,,,,,,,,,,,,,,,,,,
OfficerJerd,80,18,50,88,$41,,,,,,,,,,,,,,,,,,,,
OiaHandoma,90,1,90,90,$196,,,,,,,,,,,,,,,,,,,,
OneLegAtATime,85,1,85,85,$19,,,,,,,,,,,,,,,,,,,,
Orionpsg1,95,1,95,95,$84,,,,,,,,,,,,,,,,,,,,
PACitizen,92,1,92,92,$179,,,,,,,,,,,,,,,,,,,,
PEWP_FARTS,80,1,80,80,$21,,,,,,,,,,,,,,,,,,,,
PMRwhitecoat,93,4,91,93,$87,,,,,,,,,,,,,,,,,,,,
PalmMoon,75,1,75,75,$49,,,,,,,,,,,,,,,,,,,,
PapaPickles,91,2,89,92,$85,,,,,,,,,,,,,,,,,,,,
Papapickles,93,3,90,95,$137,,,,,,,,,,,,,,,,,,,,
PappaMoon,89,1,89,89,$60,,,,,,,,,,,,,,,,,,,,
PaulTagg,85,1,85,85,,,,,,,,,,,,,,,,,,,,,
PavementBlues,90,1,90,90,$49,,,,,,,,,,,,,,,,,,,,
PedroDaGr8,74,1,74,74,$53,,,,,,,,,,,,,,,,,,,,
PeskyPrussian,83,9,69,92,$61,,,,,,,,,,,,,,,,,,,,
Pessimismus,84,24,78,91,$43,,,,,,,,,,,,,,,,,,,,
PeterJSwift,70,1,70,70,$10,,,,,,,,,,,,,,,,,,,,
Petrov88,72,1,72,72,,,,,,,,,,,,,,,,,,,,,
Phaedrus813,66,1,66,66,$30,,,,,,,,,,,,,,,,,,,,
PimpLucious,89,1,89,89,$45,,,,,,,,,,,,,,,,,,,,
Piratewhisky410,89,7,81,98,$75,,,,,,,,,,,,,,,,,,,,
PizzaGoinOut,86,1,86,86,$90,,,,,,,,,,,,,,,,,,,,
Planarian Foster,88,1,88,88,$57,,,,,,,,,,,,,,,,,,,,
PlanarianFoster,88,9,80,97,$73,,,,,,,,,,,,,,,,,,,,
PlasmaChroma,62,2,34,89,$80,,,,,,,,,,,,,,,,,,,,
Plutoker,90,5,84,93,$40,,,,,,,,,,,,,,,,,,,,
Pole420,82,12,75,86,$60,,,,,,,,,,,,,,,,,,,,
Polskawalczaca,87,1,87,87,,,,,,,,,,,,,,,,,,,,,
Porkpants81,87,8,79,95,$56,,,,,,,,,,,,,,,,,,,,
Postal_Code,88,1,88,88,$80,,,,,,,,,,,,,,,,,,,,
PowerliftingMolester,85,1,85,85,,,,,,,,,,,,,,,,,,,,,
PreyMonkie,81,13,60,91,$45,,,,,,,,,,,,,,,,,,,,
Pripat99,83,2,78,87,$44,,,,,,,,,,,,,,,,,,,,
Prof_G,40,1,40,40,$30,,,,,,,,,,,,,,,,,,,,
PuckDaFackers,82,9,71,90,$37,,,,,,,,,,,,,,,,,,,,
PuocoJoao,86,1,86,86,,,,,,,,,,,,,,,,,,,,,
Purx,82,1,82,82,,,,,,,,,,,,,,,,,,,,,
Qroth,82,1,82,82,$80,,,,,,,,,,,,,,,,,,,,
Quej,74,1,74,74,$55,,,,,,,,,,,,,,,,,,,,
R0ut3,85,5,78,90,$56,,,,,,,,,,,,,,,,,,,,
RANCH_KING,89,1,89,89,,,,,,,,,,,,,,,,,,,,,
RYKWI,95,1,95,95,$83,,,,,,,,,,,,,,,,,,,,
RadicalEggnog,83,4,70,98,$46,,,,,,,,,,,,,,,,,,,,
Radicaleggnog,85,1,85,85,$25,,,,,,,,,,,,,,,,,,,,
Raidicus,83,2,78,88,,,,,,,,,,,,,,,,,,,,,
Rallerboy888,82,48,30,97,$101,,,,,,,,,,,,,,,,,,,,
RandallFlag,81,5,69,89,$59,,,,,,,,,,,,,,,,,,,,
Randimosity,87,20,78,96,$68,,,,,,,,,,,,,,,,,,,,
RandomParable,88,1,88,88,$40,,,,,,,,,,,,,,,,,,,,
RannGast,90,1,90,90,,,,,,,,,,,,,,,,,,,,,
RduolphSchmidt,82,1,82,82,,,,,,,,,,,,,,,,,,,,,
ReadyWillingAndAbe,86,4,82,88,$40,,,,,,,,,,,,,,,,,,,,
ReadyWllingAndAbe,90,3,87,93,$49,,,,,,,,,,,,,,,,,,,,
RealRockets,80,12,35,97,$64,,,,,,,,,,,,,,,,,,,,
Red_Diesel,85,6,77,89,,,,,,,,,,,,,,,,,,,,,
Redcorns,88,1,88,88,$46,,,,,,,,,,,,,,,,,,,,
Redpanda910,79,6,72,84,$18,,,,,,,,,,,,,,,,,,,,
RevSlippery,82,1,82,82,$30,,,,,,,,,,,,,,,,,,,,
Rev_Lijah,86,57,63,96,$34,,,,,,,,,,,,,,,,,,,,
Reziarfg,87,1,87,87,$86,,,,,,,,,,,,,,,,,,,,
Rhetoriclese,84,56,65,92,$80,,,,,,,,,,,,,,,,,,,,
Ricky_davis13,82,1,82,82,$27,,,,,,,,,,,,,,,,,,,,
RightOfTomorrow,56,2,35,76,,,,,,,,,,,,,,,,,,,,,
Riot_Code,73,2,69,76,,,,,,,,,,,,,,,,,,,,,
Rivet_39,82,6,75,87,,,,,,,,,,,,,,,,,,,,,
Rizzpooch,87,15,76,94,$50,,,,,,,,,,,,,,,,,,,,
Rjparjay,80,1,80,80,$22,,,,,,,,,,,,,,,,,,,,
RnC_Dev,89,1,89,89,,,,,,,,,,,,,,,,,,,,,
RobMagus,76,11,50,90,,,,,,,,,,,,,,,,,,,,,
RonDumsfeld,82,1,82,82,$48,,,,,,,,,,,,,,,,,,,,
Rudie-Cant-Fail,81,5,72,92,$48,,,,,,,,,,,,,,,,,,,,
RudolpSchmdit,86,1,86,86,,,,,,,,,,,,,,,,,,,,,
RudolphSchmidt,84,2,82,85,,,,,,,,,,,,,,,,,,,,,
Runsforbeer,80,1,80,80,$40,,,,,,,,,,,,,,,,,,,,
RushX-1,83,8,76,89,$69,,,,,,,,,,,,,,,,,,,,
RustyPIpes,86,1,86,86,$20,,,,,,,,,,,,,,,,,,,,
RustyPipes,84,43,61,98,$55,,,,,,,,,,,,,,,,,,,,
Ruud1983,87,19,78,92,$127,,,,,,,,,,,,,,,,,,,,
RyanCF,94,2,92,95,,,,,,,,,,,,,,,,,,,,,
SPG2469,82,98,52,96,$53,,,,,,,,,,,,,,,,,,,,
Sajarab,90,1,90,90,$39,,,,,,,,,,,,,,,,,,,,
SaltPeanutss,86,8,79,93,$79,,,,,,,,,,,,,,,,,,,,
Salty-Sailor ,86,1,86,86,$45,,,,,,,,,,,,,,,,,,,,
SalvithorTheSecond,86,2,85,87,$35,,,,,,,,,,,,,,,,,,,,
Sarclown,90,2,86,94,$80,,,,,,,,,,,,,,,,,,,,
SaucyPots,93,4,91,96,$188,,,,,,,,,,,,,,,,,,,,
Sax45,70,11,20,84,$25,,,,,,,,,,,,,,,,,,,,
SchockWaves,86,4,83,90,$65,,,,,,,,,,,,,,,,,,,,
ScotchB78,87,4,81,91,$75,,,,,,,,,,,,,,,,,,,,
ScotchInTheLibrary,90,6,85,96,$47,,,,,,,,,,,,,,,,,,,,
Scotch_Fanatic,81,102,50,97,$84,,,,,,,,,,,,,,,,,,,,
Scotchb78,83,1,83,83,,,,,,,,,,,,,,,,,,,,,
SeamanAttack,90,1,90,90,$52,,,,,,,,,,,,,,,,,,,,
Seienshin,85,44,20,99,$60,,,,,,,,,,,,,,,,,,,,
Sgt_Scamper,88,2,88,88,$50,,,,,,,,,,,,,,,,,,,,
Sh0wMePotatoSalad,88,1,88,88,$77,,,,,,,,,,,,,,,,,,,,
Shane_IL,82,561,20,100,$75,,,,,,,,,,,,,,,,,,,,
Shatenfreude,94,1,94,94,$84,,,,,,,,,,,,,,,,,,,,
Shawshankreddit,87,6,79,93,,,,,,,,,,,,,,,,,,,,,
Shebazz,93,1,93,93,,,,,,,,,,,,,,,,,,,,,
Shinzawaii,87,4,86,88,$78,,,,,,,,,,,,,,,,,,,,
ShitStainedLegoBrick,88,8,80,94,$32,,,,,,,,,,,,,,,,,,,,
Shmancy,75,1,75,75,$80,,,,,,,,,,,,,,,,,,,,
Shugoras,84,4,81,89,,,,,,,,,,,,,,,,,,,,,
SiberianJay,82,1,82,82,$99,,,,,,,,,,,,,,,,,,,,
SilentReflection101,82,1,82,82,$77,,,,,,,,,,,,,,,,,,,,
Single-Malt-Savant,84,10,60,95,$55,,,,,,,,,,,,,,,,,,,,
SingleMalter,92,1,92,92,$75,,,,,,,,,,,,,,,,,,,,
Sinjun86,89,194,82,95,,,,,,,,,,,,,,,,,,,,,
SirSamsa ,85,1,85,85,,,,,,,,,,,,,,,,,,,,,
Sirlaughalot,77,2,70,84,$26,,,,,,,,,,,,,,,,,,,,
Skeptikalklown,81,2,78,84,$53,,,,,,,,,,,,,,,,,,,,
Skizzih,32,2,17,47,$13,,,,,,,,,,,,,,,,,,,,
Skoopi,83,2,76,89,$45,,,,,,,,,,,,,,,,,,,,
Skot_skot,86,3,85,87,$37,,,,,,,,,,,,,,,,,,,,
Slashoom,88,20,76,98,$70,,,,,,,,,,,,,,,,,,,,
Slayers_Dream,85,1,85,85,$40,,,,,,,,,,,,,,,,,,,,
Smills29,93,2,91,94,$315,,,,,,,,,,,,,,,,,,,,
Sn0zzberries,75,1,75,75,$86,,,,,,,,,,,,,,,,,,,,
Snake_Byte,75,58,42,94,$55,,,,,,,,,,,,,,,,,,,,
SneerValiant,88,1,88,88,$75,,,,,,,,,,,,,,,,,,,,
SocksTheFox,89,11,80,96,$61,,,,,,,,,,,,,,,,,,,,
SonOfAdelphia41,79,4,70,85,$39,,,,,,,,,,,,,,,,,,,,
SoulShock,87,13,70,94,$41,,,,,,,,,,,,,,,,,,,,
SouthernCharm1856,90,1,90,90,$50,,,,,,,,,,,,,,,,,,,,
SpaceCadet2000,88,5,83,93,$58,,,,,,,,,,,,,,,,,,,,
Spardocus,88,5,84,92,,,,,,,,,,,,,,,,,,,,,
SparkTrader,89,8,80,95,,,,,,,,,,,,,,,,,,,,,
SriZebadiah,89,1,89,89,$92,,,,,,,,,,,,,,,,,,,,
Ssirota8,85,1,85,85,$30,,,,,,,,,,,,,,,,,,,,
Ssirota8@gmail.com,95,1,95,95,$80,,,,,,,,,,,,,,,,,,,,
Stahrk,98,2,97,98,$75,,,,,,,,,,,,,,,,,,,,
Stevenbuscemi,89,1,89,89,$26,,,,,,,,,,,,,,,,,,,,
Stew_Rat,82,3,72,90,$52,,,,,,,,,,,,,,,,,,,,
StillbornReady,90,17,78,95,$63,,,,,,,,,,,,,,,,,,,,
StinkySauce,84,31,60,94,$60,,,,,,,,,,,,,,,,,,,,
StopTheElf,87,2,85,88,$33,,,,,,,,,,,,,,,,,,,,
Strasse007,80,3,65,89,$45,,,,,,,,,,,,,,,,,,,,
Stravinskyfanboy,80,2,77,83,$47,,,,,,,,,,,,,,,,,,,,
StrikeBR,78,6,63,90,$37,,,,,,,,,,,,,,,,,,,,
Stringfellow-Hawke,87,38,75,95,$42,,,,,,,,,,,,,,,,,,,,
StudioRat,86,26,77,93,$60,,,,,,,,,,,,,,,,,,,,
StudioRt,87,1,87,87,,,,,,,,,,,,,,,,,,,,,
StuffedWithNails,85,3,75,92,$135,,,,,,,,,,,,,,,,,,,,
Sullen_Choirboy,87,5,78,92,,,,,,,,,,,,,,,,,,,,,
SunnyPoe,83,9,70,95,$54,,,,,,,,,,,,,,,,,,,,
SuperCadd,89,1,89,89,$165,,,,,,,,,,,,,,,,,,,,
Super_Dork_42,88,2,85,90,$41,,,,,,,,,,,,,,,,,,,,
Superyeti,89,3,85,94,$37,,,,,,,,,,,,,,,,,,,,
SweeneysShaknNStirrd,78,2,75,81,$20,,,,,,,,,,,,,,,,,,,,
SweetSourSauceS,84,3,81,89,$28,,,,,,,,,,,,,,,,,,,,
Swinse,83,17,63,96,$181,,,,,,,,,,,,,,,,,,,,
Szpachla,82,7,63,96,$56,,,,,,,,,,,,,,,,,,,,
TJFernly,82,1,82,82,$30,,,,,,,,,,,,,,,,,,,,
TOModera,78,1417,10,92,$98,,,,,,,,,,,,,,,,,,,,
Taigatrommel,74,8,50,95,$33,,,,,,,,,,,,,,,,,,,,
Talisk3r,95,1,95,95,$80,,,,,,,,,,,,,,,,,,,,
TangledUpInBleu,78,17,60,90,$61,,,,,,,,,,,,,,,,,,,,
Tankles,84,24,62,94,$78,,,,,,,,,,,,,,,,,,,,
Tarentcreel,50,1,50,50,,,,,,,,,,,,,,,,,,,,,
Tchaikovsky1812,82,4,76,89,$43,,,,,,,,,,,,,,,,,,,,
Tentacleface,90,1,90,90,,,,,,,,,,,,,,,,,,,,,
TequilaJunction,86,3,80,90,$65,,,,,,,,,,,,,,,,,,,,
Tetriside,75,13,0.1,88,$34,,,,,,,,,,,,,,,,,,,,
Texacer,84,405,10,99,$73,,,,,,,,,,,,,,,,,,,,
Th3Beard3dOn3,75,1,75,75,$70,,,,,,,,,,,,,,,,,,,,
ThaSentinel,91,1,91,91,$50,,,,,,,,,,,,,,,,,,,,
Thatfamousgrouse,78,2,69,86,$41,,,,,,,,,,,,,,,,,,,,
The-Enabler,85,3,83,87,$69,,,,,,,,,,,,,,,,,,,,
The-Good-Doctor,72,21,36,92,$63,,,,,,,,,,,,,,,,,,,,
The1Honkey,93,1,93,93,$18,,,,,,,,,,,,,,,,,,,,
TheCatsBananas,79,3,70,84,,,,,,,,,,,,,,,,,,,,,
TheDapperYank,78,1,78,78,$50,,,,,,,,,,,,,,,,,,,,
TheDopeGodfather,88,4,83,95,$80,,,,,,,,,,,,,,,,,,,,
TheGreatZargaron,88,1,88,88,$47,,,,,,,,,,,,,,,,,,,,
TheJPedia,87,22,70,93,$83,,,,,,,,,,,,,,,,,,,,
TheOmnomnomagon,86,5,79,92,$40,,,,,,,,,,,,,,,,,,,,
ThePiousPriest,94,1,94,94,,,,,,,,,,,,,,,,,,,,,
ThePletch,92,2,90,94,$57,,,,,,,,,,,,,,,,,,,,
TheRotundHobo,74,2,71,76,$30,,,,,,,,,,,,,,,,,,,,
TheSillyScientist,85,1,85,85,$30,,,,,,,,,,,,,,,,,,,,
TheSoundOfABadIdea,91,2,89,92,,,,,,,,,,,,,,,,,,,,,
TheWhiskeyJug,85,252,0.1,97,$59,,,,,,,,,,,,,,,,,,,,
The_Flabbergaster,64,1,64,64,$35,,,,,,,,,,,,,,,,,,,,
The_PharmASSIST,87,15,76,94,$63,,,,,,,,,,,,,,,,,,,,
The_edref,85,1,85,85,,,,,,,,,,,,,,,,,,,,,
Thebraus,10,1,10,10,$30,,,,,,,,,,,,,,,,,,,,
TheeBeeDeeGee,74,7,25,91,$35,,,,,,,,,,,,,,,,,,,,
Thekilldevilhill,74,5,60,90,$47,,,,,,,,,,,,,,,,,,,,
This_Is_BearDog,81,83,40,92,$43,,,,,,,,,,,,,,,,,,,,
Thpbltblt,75,40,11,88,,,,,,,,,,,,,,,,,,,,,
Throzen,86,2,80,92,,,,,,,,,,,,,,,,,,,,,
Thunder_Child,82,1,82,82,,,,,,,,,,,,,,,,,,,,,
Tideofthesouth,78,2,65,90,,,,,,,,,,,,,,,,,,,,,
Timeless_Watch,91,5,86,96,$110,,,,,,,,,,,,,,,,,,,,
TinyTipple,88,6,80,95,$54,,,,,,,,,,,,,,,,,,,,
TittyMcFagerson,79,11,60,90,$60,,,,,,,,,,,,,,,,,,,,
Tja_so,86,99,69,95,$80,,,,,,,,,,,,,,,,,,,,
TonalArchitect,50,1,50,50,,,,,,,,,,,,,,,,,,,,,
Tondi007,63,2,35,90,$30,,,,,,,,,,,,,,,,,,,,
Tormore21,87,14,77,97,$55,,,,,,,,,,,,,,,,,,,,
Travis_Gilmore,90,1,90,90,$58,,,,,,,,,,,,,,,,,,,,
Treners,75,1,75,75,,,,,,,,,,,,,,,,,,,,,
Treucer,88,20,68,95,$65,,,,,,,,,,,,,,,,,,,,
TrevorJordan,80,1,80,80,$65,,,,,,,,,,,,,,,,,,,,
Trexid,85,90,0.1,98,$64,,,,,,,,,,,,,,,,,,,,
Triptychron,92,1,92,92,$50,,,,,,,,,,,,,,,,,,,,
Trisscar1212,89,1,89,89,$26,,,,,,,,,,,,,,,,,,,,
Trubbel,82,1,82,82,$38,,,,,,,,,,,,,,,,,,,,
Turnpikenorth,79,2,75,82,$36,,,,,,,,,,,,,,,,,,,,
Tweeeked,87,3,76,95,$175,,,,,,,,,,,,,,,,,,,,
TwiddleDD,80,151,38,94,$79,,,,,,,,,,,,,,,,,,,,
Twotonsandwich,89,2,82,95,,,,,,,,,,,,,,,,,,,,,
Twotonsandwich ,86,1,86,86,,,,,,,,,,,,,,,,,,,,,
UAssHat,89,1,89,89,$75,,,,,,,,,,,,,,,,,,,,
UOTriathlete,86,1,86,86,$75,,,,,,,,,,,,,,,,,,,,
UOTriathlete ,75,1,75,75,$43,,,,,,,,,,,,,,,,,,,,
Unbreakablesausage,79,1,79,79,$15,,,,,,,,,,,,,,,,,,,,
Uncimbability,69,1,69,69,,,,,,,,,,,,,,,,,,,,,
UncleTobys,82,325,10,98,$111,,,,,,,,,,,,,,,,,,,,
Unclimbability,75,674,22,93,$106,,,,,,,,,,,,,,,,,,,,
Unicorn787,86,3,75,95,$59,,,,,,,,,,,,,,,,,,,,
Unseenglitteroflife,90,1,90,90,,,,,,,,,,,,,,,,,,,,,
UpYourButtJobu,88,12,75,98,$69,,,,,,,,,,,,,,,,,,,,
Uptons_BJs,80,2,75,84,$47,,,,,,,,,,,,,,,,,,,,
VLCAD,87,2,86,88,,,,,,,,,,,,,,,,,,,,,
VaekTheWise,95,1,95,95,$50,,,,,,,,,,,,,,,,,,,,
Vanderie,87,1,87,87,$37,,,,,,,,,,,,,,,,,,,,
VarianJones,90,1,90,90,,,,,,,,,,,,,,,,,,,,,
Ventronics,84,23,55,93,$40,,,,,,,,,,,,,,,,,,,,
Vertigo666,86,25,65,98,$51,,,,,,,,,,,,,,,,,,,,
Vincevines,86,1,86,86,$65,,,,,,,,,,,,,,,,,,,,
Vinovidivici,88,1,88,88,,,,,,,,,,,,,,,,,,,,,
Vodulas,88,4,85,95,$288,,,,,,,,,,,,,,,,,,,,
Walden_Walkabout,81,2,70,92,$64,,,,,,,,,,,,,,,,,,,,
Wereling,85,1,85,85,$65,,,,,,,,,,,,,,,,,,,,
Westoncw,70,1,70,70,$35,,,,,,,,,,,,,,,,,,,,
Whack_Angus,88,4,83,94,$64,,,,,,,,,,,,,,,,,,,,
WhiskeyExperiements,88,2,86,89,$31,,,,,,,,,,,,,,,,,,,,
WhiskeyMasterRace,82,34,62,98,$50,,,,,,,,,,,,,,,,,,,,
WhiskyBraj,84,6,78,89,,,,,,,,,,,,,,,,,,,,,
WhiskyJoe,89,4,85,91,,,,,,,,,,,,,,,,,,,,,
WhiskyShortcut,85,1,85,85,$180,,,,,,,,,,,,,,,,,,,,
Whisky_Lads,84,251,50,100,$54,,,,,,,,,,,,,,,,,,,,
Whiskybraj,98,1,98,98,,,,,,,,,,,,,,,,,,,,,
Whiskynator,71,3,70,71,,,,,,,,,,,,,,,,,,,,,
Whiskypa-s,78,5,70,80,$65,,,,,,,,,,,,,,,,,,,,
Whyevernot55,84,3,75,91,$127,,,,,,,,,,,,,,,,,,,,
WildOScar66,92,1,92,92,,,,,,,,,,,,,,,,,,,,,
WildOscar,82,1,82,82,,,,,,,,,,,,,,,,,,,,,
WildOscar66,87,72,77,96,$50,,,,,,,,,,,,,,,,,,,,
WildOscar66 ,90,2,86,93,,,,,,,,,,,,,,,,,,,,,
Wind_paedo,83,1,83,83,$45,,,,,,,,,,,,,,,,,,,,
Wollohton,75,2,70,80,$50,,,,,,,,,,,,,,,,,,,,
WornEngineer,82,46,67,91,$39,,,,,,,,,,,,,,,,,,,,
XenonBloom,85,6,75,95,$40,,,,,,,,,,,,,,,,,,,,
Xephyron,91,1,91,91,,,,,,,,,,,,,,,,,,,,,
Xzenit90,94,1,94,94,,,,,,,,,,,,,,,,,,,,,
YUNOtiger,85,1,85,85,$58,,,,,,,,,,,,,,,,,,,,
Yachtapus,80,1,80,80,$40,,,,,,,,,,,,,,,,,,,,
Zagrei,90,1,90,90,,,,,,,,,,,,,,,,,,,,,
Zamboniman,83,3,79,90,$44,,,,,,,,,,,,,,,,,,,,
ZapPowerz,92,1,92,92,$268,,,,,,,,,,,,,,,,,,,,
Zeroxposur,90,1,90,90,$55,,,,,,,,,,,,,,,,,,,,
Zesel,94,1,94,94,,,,,,,,,,,,,,,,,,,,,
Zhaff_Pedley,81,1,81,81,$100,,,,,,,,,,,,,,,,,,,,
Zillah1985,83,160,30,99,$44,,,,,,,,,,,,,,,,,,,,
ZlatanIAm,91,2,90,91,$80,,,,,,,,,,,,,,,,,,,,
Zokusho,95,1,95,95,$180,,,,,,,,,,,,,,,,,,,,
Zombieapathy,79,3,66,89,,,,,,,,,,,,,,,,,,,,,
_TiNe_,86,18,79,93,$63,,,,,,,,,,,,,,,,,,,,
_johan,20,1,20,20,,,,,,,,,,,,,,,,,,,,,
_simu_,92,1,92,92,$128,,,,,,,,,,,,,,,,,,,,
a8vision,92,2,88,96,$52,,,,,,,,,,,,,,,,,,,,
aZubaer,87,2,84,89,$30,,,,,,,,,,,,,,,,,,,,
aaneton,90,1,90,90,$110,,,,,,,,,,,,,,,,,,,,
abarbs30,90,2,86,93,$100,,,,,,,,,,,,,,,,,,,,
abig7nakedx,69,2,50,88,$35,,,,,,,,,,,,,,,,,,,,
acoupletwotreethings,84,12,59,97,$53,,,,,,,,,,,,,,,,,,,,
acrocanthosaurus,76,2,68,83,$32,,,,,,,,,,,,,,,,,,,,
adam8822,88,36,65,98,$39,,,,,,,,,,,,,,,,,,,,
adenzerda,82,22,20,98,$55,,,,,,,,,,,,,,,,,,,,
admiralwaffles,87,12,81,96,$60,,,,,,,,,,,,,,,,,,,,
adramgooddrink,85,1,85,85,$65,,,,,,,,,,,,,,,,,,,,
adremeaux,86,4,83,89,$125,,,,,,,,,,,,,,,,,,,,
afsdjkll,85,1,85,85,$40,,,,,,,,,,,,,,,,,,,,
agmedal,35,1,35,35,$45,,,,,,,,,,,,,,,,,,,,
ahugenerd,75,27,60,90,$76,,,,,,,,,,,,,,,,,,,,
airpower47,77,15,30,93,$43,,,,,,,,,,,,,,,,,,,,
airsabu,79,19,25,93,$47,,,,,,,,,,,,,,,,,,,,
airturtle,91,1,91,91,$120,,,,,,,,,,,,,,,,,,,,
aj1178,78,1,78,78,,,,,,,,,,,,,,,,,,,,,
ajgorak,50,1,50,50,,,,,,,,,,,,,,,,,,,,,
ajtestro,88,1,88,88,,,,,,,,,,,,,,,,,,,,,
aka0815,74,1,74,74,$25,,,,,,,,,,,,,,,,,,,,
akira084,81,1,81,81,,,,,,,,,,,,,,,,,,,,,
alarickc,89,11,79,94,$115,,,,,,,,,,,,,,,,,,,,
alek_hiddel,85,2,80,90,$42,,,,,,,,,,,,,,,,,,,,
all_akimbo,91,1,91,91,$110,,,,,,,,,,,,,,,,,,,,
all_smoke_n_mirrors,86,58,68,94,,,,,,,,,,,,,,,,,,,,,
almost_a_troll,83,2,80,85,$68,,,,,,,,,,,,,,,,,,,,
alpha_omicron,77,1,77,77,$54,,,,,,,,,,,,,,,,,,,,
altadoc,85,1,85,85,$60,,,,,,,,,,,,,,,,,,,,
alterndog,81,6,70,95,$54,,,,,,,,,,,,,,,,,,,,
amarokstar,95,1,95,95,$99,,,,,,,,,,,,,,,,,,,,
amorrn,85,2,80,90,$43,,,,,,,,,,,,,,,,,,,,
anagama,83,59,65,93,$35,,,,,,,,,,,,,,,,,,,,
anangrytree,88,4,85,91,$27,,,,,,,,,,,,,,,,,,,,
andyhh,84,4,74,91,,,,,,,,,,,,,,,,,,,,,
animal_chin,89,6,85,92,$54,,,,,,,,,,,,,,,,,,,,
anonmarmot,91,2,89,92,$60,,,,,,,,,,,,,,,,,,,,
ansandand,82,4,75,90,,,,,,,,,,,,,,,,,,,,,
anxst,87,8,82,93,$61,,,,,,,,,,,,,,,,,,,,
anyd,95,1,95,95,,,,,,,,,,,,,,,,,,,,,
aphextal,87,8,80,96,$146,,,,,,,,,,,,,,,,,,,,
apratsunrthd,77,4,72,85,$53,,,,,,,,,,,,,,,,,,,,
archimon,86,6,79,89,,,,,,,,,,,,,,,,,,,,,
ardbeg,79,11,61,94,,,,,,,,,,,,,,,,,,,,,
artvandalay381,88,11,84,92,$42,,,,,,,,,,,,,,,,,,,,
aschneid,95,1,95,95,,,,,,,,,,,,,,,,,,,,,
ash0ppingcart,85,1,85,85,$47,,,,,,,,,,,,,,,,,,,,
asoiaf7,72,13,20,96,$74,,,,,,,,,,,,,,,,,,,,
aspiritedguy,89,2,88,89,$108,,,,,,,,,,,,,,,,,,,,
atbat82,89,1,89,89,$75,,,,,,,,,,,,,,,,,,,,
atomic-penguin,60,1,60,60,$69,,,,,,,,,,,,,,,,,,,,
audaciousart,92,1,92,92,$23,,,,,,,,,,,,,,,,,,,,
austenw,84,1,84,84,$60,,,,,,,,,,,,,,,,,,,,
averagejoe1993,92,11,86,97,$90,,,,,,,,,,,,,,,,,,,,
avrus,82,1,82,82,$67,,,,,,,,,,,,,,,,,,,,
awksomepenguin,75,2,60,90,$43,,,,,,,,,,,,,,,,,,,,
axceptnosilence,87,3,82,90,$100,,,,,,,,,,,,,,,,,,,,
ayedfy,84,174,45,98,$119,,,,,,,,,,,,,,,,,,,,
bacchus26,86,5,80,91,$118,,,,,,,,,,,,,,,,,,,,
baconNlegs,83,1,83,83,$45,,,,,,,,,,,,,,,,,,,,
bacon_of_the_lake,86,24,74,95,$56,,,,,,,,,,,,,,,,,,,,
baconhigh,85,2,75,95,,,,,,,,,,,,,,,,,,,,,
bagels666,74,1,74,74,$24,,,,,,,,,,,,,,,,,,,,
balthus1880,88,1,88,88,$80,,,,,,,,,,,,,,,,,,,,
bammarito,82,7,73,90,$53,,,,,,,,,,,,,,,,,,,,
banaaans,87,1,87,87,$141,,,,,,,,,,,,,,,,,,,,
bananacut,93,1,93,93,,,,,,,,,,,,,,,,,,,,,
barbecue_scotch,77,28,25,97,$59,,,,,,,,,,,,,,,,,,,,
bassefrom,65,1,65,65,$45,,,,,,,,,,,,,,,,,,,,
bassetthound136,80,1,80,80,$110,,,,,,,,,,,,,,,,,,,,
battlecorgi,75,1,75,75,$29,,,,,,,,,,,,,,,,,,,,
baudtack,80,11,60,95,$36,,,,,,,,,,,,,,,,,,,,
bbeng89,83,17,50,91,$43,,,,,,,,,,,,,,,,,,,,
be0wulf8860,70,1,70,70,,,,,,,,,,,,,,,,,,,,,
beardedyak,92,1,92,92,$283,,,,,,,,,,,,,,,,,,,,
beergod1222,85,5,78,90,$105,,,,,,,,,,,,,,,,,,,,
beeteeoh,77,15,67,84,,,,,,,,,,,,,,,,,,,,,
belbivfreeordie,86,112,71,97,$65,,,,,,,,,,,,,,,,,,,,
benrules2,87,14,73,94,$80,,,,,,,,,,,,,,,,,,,,
besteverlapras,88,1,88,88,,,,,,,,,,,,,,,,,,,,,
bfg_foo,80,1,80,80,,,,,,,,,,,,,,,,,,,,,
bieliebielie,81,26,55,93,$48,,,,,,,,,,,,,,,,,,,,
bigduffeye,80,1,80,80,$12,,,,,,,,,,,,,,,,,,,,
bigjimslade153,86,3,82,90,$19,,,,,,,,,,,,,,,,,,,,
bigmoneysalsa,80,88,55,95,$51,,,,,,,,,,,,,,,,,,,,
bilbopoop,79,2,75,82,$32,,,,,,,,,,,,,,,,,,,,
bishopamo,83,2,80,85,$41,,,,,,,,,,,,,,,,,,,,
bjohnsonta,79,2,75,82,$45,,,,,,,,,,,,,,,,,,,,
bkwrmi,77,3,69,81,$19,,,,,,,,,,,,,,,,,,,,
blackoutoslo,82,1,82,82,$83,,,,,,,,,,,,,,,,,,,,
blamitthr,89,1,89,89,$145,,,,,,,,,,,,,,,,,,,,
bleego,87,23,72,96,$70,,,,,,,,,,,,,,,,,,,,
blink64,82,1,82,82,$33,,,,,,,,,,,,,,,,,,,,
blogofbourbon,85,1,85,85,$36,,,,,,,,,,,,,,,,,,,,
bloom_wellick_group,60,1,60,60,$28,,,,,,,,,,,,,,,,,,,,
blue_cheese_please,84,10,73,95,$26,,,,,,,,,,,,,,,,,,,,
bobrawrman,91,1,91,91,,,,,,,,,,,,,,,,,,,,,
bock_bock,86,10,80,91,$33,,,,,,,,,,,,,,,,,,,,
bodiez,73,2,60,85,$41,,,,,,,,,,,,,,,,,,,,
bonbonbonbons,85,1,85,85,$65,,,,,,,,,,,,,,,,,,,,
boonz,78,7,72,88,$38,,,,,,,,,,,,,,,,,,,,
boozedancing,88,25,76,94,$73,,,,,,,,,,,,,,,,,,,,
borealyaker,82,10,73,91,$66,,,,,,,,,,,,,,,,,,,,
bostonbro5,87,6,84,92,$29,,,,,,,,,,,,,,,,,,,,
bow-tie-guy,86,15,80,94,$76,,,,,,,,,,,,,,,,,,,,
boyyouguysaredumb,87,26,74,93,$66,,,,,,,,,,,,,,,,,,,,
bpnelson7,74,13,47,94,$45,,,,,,,,,,,,,,,,,,,,
bradbobaggins,85,7,81,89,$53,,,,,,,,,,,,,,,,,,,,
bradders42,80,1,80,80,$51,,,,,,,,,,,,,,,,,,,,
bramage,90,3,86,95,,,,,,,,,,,,,,,,,,,,,
branedamage,70,1,70,70,,,,,,,,,,,,,,,,,,,,,
bravado,86,4,83,88,$56,,,,,,,,,,,,,,,,,,,,
brettness,85,2,84,86,$49,,,,,,,,,,,,,,,,,,,,
brettrick,80,10,60,92,$47,,,,,,,,,,,,,,,,,,,,
brian47126,89,1,89,89,,,,,,,,,,,,,,,,,,,,,
brodies,87,6,82,92,$65,,,,,,,,,,,,,,,,,,,,
bromanceftw,88,1,88,88,$50,,,,,,,,,,,,,,,,,,,,
brooksjedi,90,1,90,90,$55,,,,,,,,,,,,,,,,,,,,
bs870621345,84,7,70,95,$45,,,,,,,,,,,,,,,,,,,,
bsiver,91,1,91,91,$35,,,,,,,,,,,,,,,,,,,,
bubsyouruncle,81,36,49,96,$67,,,,,,,,,,,,,,,,,,,,
bucksaplenty,82,1,82,82,$70,,,,,,,,,,,,,,,,,,,,
buckydean,83,16,68,93,$78,,,,,,,,,,,,,,,,,,,,
buddy_dosser,87,51,76,95,,,,,,,,,,,,,,,,,,,,,
bunnyberru,79,1,79,79,$38,,,,,,,,,,,,,,,,,,,,
burythebwoy,80,3,76,83,,,,,,,,,,,,,,,,,,,,,
cadavey,86,1,86,86,$65,,,,,,,,,,,,,,,,,,,,
cake_my_day,83,459,25,96,$122,,,,,,,,,,,,,,,,,,,,
cameltoe_of_the_boob,88,1,88,88,,,,,,,,,,,,,,,,,,,,,
cameroncarnes,50,1,50,50,$75,,,,,,,,,,,,,,,,,,,,
canadiantriscuit,75,1,75,75,$50,,,,,,,,,,,,,,,,,,,,
captainbiggles,92,2,90,93,$51,,,,,,,,,,,,,,,,,,,,
catch27,89,3,88,89,$16,,,,,,,,,,,,,,,,,,,,
cawley22,81,1,81,81,$40,,,,,,,,,,,,,,,,,,,,
cawls,67,3,60,80,,,,,,,,,,,,,,,,,,,,,
cbass8282,87,2,78,95,$89,,,,,,,,,,,,,,,,,,,,
cbexperience,81,1,81,81,$62,,,,,,,,,,,,,,,,,,,,
cdig81,83,22,76,90,$100,,,,,,,,,,,,,,,,,,,,
celocanth13,85,24,65,98,$53,,,,,,,,,,,,,,,,,,,,
charshman,81,2,80,82,$30,,,,,,,,,,,,,,,,,,,,
chasz788,86,23,65,100,$45,,,,,,,,,,,,,,,,,,,,
cheesejaguar,87,1,87,87,,,,,,,,,,,,,,,,,,,,,
cheesydave101,85,6,75,90,,,,,,,,,,,,,,,,,,,,,
chicaneuk,89,4,87,91,$113,,,,,,,,,,,,,,,,,,,,
chickenium,87,40,30,97,$109,,,,,,,,,,,,,,,,,,,,
chimpandz,81,1,81,81,,,,,,,,,,,,,,,,,,,,,
chlamydiadellarte,87,1,87,87,$35,,,,,,,,,,,,,,,,,,,,
chokeslam512,89,2,83,94,$54,,,,,,,,,,,,,,,,,,,,
chorkpop,90,1,90,90,$65,,,,,,,,,,,,,,,,,,,,
chrisdafox,81,4,60,95,$23,,,,,,,,,,,,,,,,,,,,
christiaanc95,87,4,83,91,$27,,,,,,,,,,,,,,,,,,,,
chuiniu,85,9,75,92,$29,,,,,,,,,,,,,,,,,,,,
ciphhh,88,2,85,90,$108,,,,,,,,,,,,,,,,,,,,
circaskater411vm,86,2,85,87,$44,,,,,,,,,,,,,,,,,,,,
citanaF_Fanatic,84,2,78,90,$55,,,,,,,,,,,,,,,,,,,,
cjotto9,84,269,60,92,$99,,,,,,,,,,,,,,,,,,,,
cjrwil,77,1,77,77,$26,,,,,,,,,,,,,,,,,,,,
clamydiadellarte,70,1,70,70,$20,,,,,,,,,,,,,,,,,,,,
clawedmagic,85,1,85,85,$130,,,,,,,,,,,,,,,,,,,,
cleric04,84,4,75,91,$65,,,,,,,,,,,,,,,,,,,,
clintonsclit4u,90,14,83,95,$59,,,,,,,,,,,,,,,,,,,,
clipsidepinkeye,88,3,84,90,$36,,,,,,,,,,,,,,,,,,,,
codebeats,90,1,90,90,$55,,,,,,,,,,,,,,,,,,,,
commathe,79,4,73,87,,,,,,,,,,,,,,,,,,,,,
compengineerbarbie,93,2,91,94,,,,,,,,,,,,,,,,,,,,,
confirmingsuspicions,93,1,93,93,$64,,,,,,,,,,,,,,,,,,,,
constlaw,85,1,85,85,,,,,,,,,,,,,,,,,,,,,
cooper_510,77,1,77,77,,,,,,,,,,,,,,,,,,,,,
copper8,85,3,83,88,$46,,,,,,,,,,,,,,,,,,,,
coratio_haine,91,2,90,91,$95,,,,,,,,,,,,,,,,,,,,
cory1234,85,4,74,91,$31,,,,,,,,,,,,,,,,,,,,
cory1324,87,1,87,87,$25,,,,,,,,,,,,,,,,,,,,
cosmo3k,83,1,83,83,$38,,,,,,,,,,,,,,,,,,,,
cpelletier89,86,87,30,96,$60,,,,,,,,,,,,,,,,,,,,
cpels7,83,16,69,94,$60,,,,,,,,,,,,,,,,,,,,
cpfselfbuilt,85,155,58,96,$87,,,,,,,,,,,,,,,,,,,,
criollo_and_barley,87,13,75,98,$81,,,,,,,,,,,,,,,,,,,,
crkhobbit,80,1,80,80,,,,,,,,,,,,,,,,,,,,,
cryptowillem,86,5,80,93,,,,,,,,,,,,,,,,,,,,,
ctetc2007,80,2,70,90,,,,,,,,,,,,,,,,,,,,,
curmudgeon1974,88,1,88,88,$32,,,,,,,,,,,,,,,,,,,,
cwrestler141,90,2,85,95,$86,,,,,,,,,,,,,,,,,,,,
czech_yaself,89,1,89,89,$120,,,,,,,,,,,,,,,,,,,,
d-alx,89,2,85,92,$134,,,,,,,,,,,,,,,,,,,,
d_r0ck,92,1,92,92,$63,,,,,,,,,,,,,,,,,,,,
daddydidncare,70,1,70,70,$41,,,,,,,,,,,,,,,,,,,,
daemonbarber,65,1,65,65,$55,,,,,,,,,,,,,,,,,,,,
damnitmcnabbit,91,2,90,92,$46,,,,,,,,,,,,,,,,,,,,
danceswithelectrons,88,4,80,94,$40,,,,,,,,,,,,,,,,,,,,
danieljr1992,87,9,79,96,$114,,,,,,,,,,,,,,,,,,,,
dannyg483,87,30,72,97,$59,,,,,,,,,,,,,,,,,,,,
dantest69,81,6,72,87,,,,,,,,,,,,,,,,,,,,,
darkm0d,88,1,88,88,$55,,,,,,,,,,,,,,,,,,,,
darth_smacktard,87,4,70,100,$185,,,,,,,,,,,,,,,,,,,,
dash101,66,14,10,90,$40,,,,,,,,,,,,,,,,,,,,
dave84,90,1,90,90,$50,,,,,,,,,,,,,,,,,,,,
davehk,90,1,90,90,$50,,,,,,,,,,,,,,,,,,,,
davers22,77,9,65,89,$50,,,,,,,,,,,,,,,,,,,,
daviator88,83,10,55,94,$74,,,,,,,,,,,,,,,,,,,,
david_creek,82,1,82,82,$60,,,,,,,,,,,,,,,,,,,,
daxelkurtz,60,1,60,60,,,,,,,,,,,,,,,,,,,,,
dcastro9,81,2,75,87,$35,,,,,,,,,,,,,,,,,,,,
deadkenny64,91,2,90,91,$49,,,,,,,,,,,,,,,,,,,,
deadzebra,91,2,90,92,$150,,,,,,,,,,,,,,,,,,,,
deathkraiser,70,1,70,70,,,,,,,,,,,,,,,,,,,,,
deefjuh,92,2,87,96,$80,,,,,,,,,,,,,,,,,,,,
delarhi,89,5,80,94,$76,,,,,,,,,,,,,,,,,,,,
delbin,85,1,85,85,,,,,,,,,,,,,,,,,,,,,
dementedavenger99,99,1,99,99,,,,,,,,,,,,,,,,,,,,,
demonic357,80,1,80,80,,,,,,,,,,,,,,,,,,,,,
denhib,91,3,85,96,$84,,,,,,,,,,,,,,,,,,,,
derpyou,82,5,76,91,,,,,,,,,,,,,,,,,,,,,
detroittransplant,88,3,80,92,$77,,,,,,,,,,,,,,,,,,,,
deviantbono,90,1,90,90,$65,,,,,,,,,,,,,,,,,,,,
devilsadvocate23,85,10,73,94,$42,,,,,,,,,,,,,,,,,,,,
devoz,85,518,20,97,$105,,,,,,,,,,,,,,,,,,,,
digitalbounce,86,1,86,86,,,,,,,,,,,,,,,,,,,,,
dirty_dale,86,35,78,95,,,,,,,,,,,,,,,,,,,,,
disco_biscuit,96,1,96,96,$72,,,,,,,,,,,,,,,,,,,,
discountwilderbeast,78,1,78,78,$10,,,,,,,,,,,,,,,,,,,,
djmax101,75,4,50,87,,,,,,,,,,,,,,,,,,,,,
djover,76,3,67,86,$40,,,,,,,,,,,,,,,,,,,,
dlofx,90,28,79,97,$58,,,,,,,,,,,,,,,,,,,,
dmsn7d,83,122,45,94,$55,,,,,,,,,,,,,,,,,,,,
docjones12,88,68,65,98,$49,,,,,,,,,,,,,,,,,,,,
dodidodidodidodi,90,1,90,90,,,,,,,,,,,,,,,,,,,,,
domzals229,85,1,85,85,$25,,,,,,,,,,,,,,,,,,,,
doyoucompute,87,5,82,92,$38,,,,,,,,,,,,,,,,,,,,
dpep13,98,1,98,98,"$3,000",,,,,,,,,,,,,,,,,,,,
dracaXL,90,1,90,90,$140,,,,,,,,,,,,,,,,,,,,
draconiclyyours,92,1,92,92,,,,,,,,,,,,,,,,,,,,,
draconius,88,1,88,88,$35,,,,,,,,,,,,,,,,,,,,
dramandbass,84,19,70,96,$40,,,,,,,,,,,,,,,,,,,,
dramboy,76,6,30,93,$69,,,,,,,,,,,,,,,,,,,,
dramfan,85,2,84,85,$85,,,,,,,,,,,,,,,,,,,,
drbhrb,93,5,90,96,$62,,,,,,,,,,,,,,,,,,,,
drdeteck,60,1,60,60,$46,,,,,,,,,,,,,,,,,,,,
drmctoddenstein,88,2,85,90,$38,,,,,,,,,,,,,,,,,,,,
droidicus,83,17,65,94,$58,,,,,,,,,,,,,,,,,,,,
ductusexemplo,85,2,80,90,$116,,,,,,,,,,,,,,,,,,,,
dumpkopf,88,1,88,88,$350,,,,,,,,,,,,,,,,,,,,
dustco,87,1,87,87,$60,,,,,,,,,,,,,,,,,,,,
dustlesswalnut,87,99,50,98,$94,,,,,,,,,,,,,,,,,,,,
dysorder,89,1,89,89,,,,,,,,,,,,,,,,,,,,,
ecb29,81,155,0.1,100,$120,,,,,,,,,,,,,,,,,,,,
egzwygart,90,9,84,96,$350,,,,,,,,,,,,,,,,,,,,
eldest_and_wisest,87,1,87,87,,,,,,,,,,,,,,,,,,,,,
electrodylan,92,1,92,92,$65,,,,,,,,,,,,,,,,,,,,
eliasaoude,85,3,75,90,$67,,,,,,,,,,,,,,,,,,,,
elliotrosewater,81,2,79,82,$20,,,,,,,,,,,,,,,,,,,,
eminently_weird,95,1,95,95,,,,,,,,,,,,,,,,,,,,,
equinox21_,85,3,81,90,$110,,,,,,,,,,,,,,,,,,,,
ericandthelegion,86,12,74,96,$68,,,,,,,,,,,,,,,,,,,,
ernest1989,79,2,75,82,,,,,,,,,,,,,,,,,,,,,
ernestreviews,89,125,20,100,$79,,,,,,,,,,,,,,,,,,,,
erus,60,1,60,60,$35,,,,,,,,,,,,,,,,,,,,
esajz24,84,157,40,95,$55,,,,,,,,,,,,,,,,,,,,
esarella,91,1,91,91,$50,,,,,,,,,,,,,,,,,,,,
essie,94,1,94,94,,,,,,,,,,,,,,,,,,,,,
ethanolin,83,1,83,83,$55,,,,,,,,,,,,,,,,,,,,
euhop92,80,1,80,80,,,,,,,,,,,,,,,,,,,,,
evacipated,69,2,68,70,,,,,,,,,,,,,,,,,,,,,
evaughan,80,1,80,80,$15,,,,,,,,,,,,,,,,,,,,
everyZig,82,3,80,85,$20,,,,,,,,,,,,,,,,,,,,
evilmunkey8,90,1,90,90,,,,,,,,,,,,,,,,,,,,,
ewza,79,1,79,79,$46,,,,,,,,,,,,,,,,,,,,
expresso2113,83,1,83,83,$52,,,,,,,,,,,,,,,,,,,,
fakelvis,73,3,60,80,$41,,,,,,,,,,,,,,,,,,,,
falingodingo,72,2,69,74,,,,,,,,,,,,,,,,,,,,,
fat-chunk,82,26,48,95,$44,,,,,,,,,,,,,,,,,,,,
fatherbooker,94,2,93,94,$73,,,,,,,,,,,,,,,,,,,,
fenixohi,88,2,87,88,$75,,,,,,,,,,,,,,,,,,,,
fenrishunter500,86,15,81,93,$68,,,,,,,,,,,,,,,,,,,,
fenryka,80,2,70,90,$37,,,,,,,,,,,,,,,,,,,,
ferdthepenguinguy,90,1,90,90,$57,,,,,,,,,,,,,,,,,,,,
filez41,84,43,68,95,$47,,,,,,,,,,,,,,,,,,,,
filez42,85,1,85,85,$22,,,,,,,,,,,,,,,,,,,,
firmretention,89,5,86,93,,,,,,,,,,,,,,,,,,,,,
flipmatthew,83,1,83,83,,,,,,,,,,,,,,,,,,,,,
flyingmonkeyanus,77,1,77,77,$22,,,,,,,,,,,,,,,,,,,,
foamerfrank,92,1,92,92,$15,,,,,,,,,,,,,,,,,,,,
foobarak,83,1,83,83,$70,,,,,,,,,,,,,,,,,,,,
foodluver,92,1,92,92,$25,,,,,,,,,,,,,,,,,,,,
fourspace,83,12,15,99,$66,,,,,,,,,,,,,,,,,,,,
fozzie33,85,1,85,85,$44,,,,,,,,,,,,,,,,,,,,
freetonik,70,1,70,70,,,,,,,,,,,,,,,,,,,,,
friendly-atheist,96,1,96,96,$180,,,,,,,,,,,,,,,,,,,,
frodeem,90,1,90,90,$103,,,,,,,,,,,,,,,,,,,,
frosted33,87,3,86,88,$68,,,,,,,,,,,,,,,,,,,,
frostillicus,87,15,60,98,$55,,,,,,,,,,,,,,,,,,,,
frostlicker,95,1,95,95,$89,,,,,,,,,,,,,,,,,,,,
fungiside,77,1,77,77,$40,,,,,,,,,,,,,,,,,,,,
fuzzo999,83,1,83,83,$42,,,,,,,,,,,,,,,,,,,,
garethjrichards,79,1,79,79,$34,,,,,,,,,,,,,,,,,,,,
gavrok,93,1,93,93,$280,,,,,,,,,,,,,,,,,,,,
gaxkang,86,103,30,96,$78,,,,,,,,,,,,,,,,,,,,
gcamp689,86,2,84,87,$22,,,,,,,,,,,,,,,,,,,,
gedvondur,93,1,93,93,$63,,,,,,,,,,,,,,,,,,,,
geoffevans,85,4,75,90,$30,,,,,,,,,,,,,,,,,,,,
germdisco,81,1,81,81,$23,,,,,,,,,,,,,,,,,,,,
gespierdepaling,80,5,60,92,$49,,,,,,,,,,,,,,,,,,,,
ghostoflayton,82,2,80,83,$89,,,,,,,,,,,,,,,,,,,,
gibbonwl,85,6,73,95,$64,,,,,,,,,,,,,,,,,,,,
gigemags1,85,1,85,85,$53,,,,,,,,,,,,,,,,,,,,
gildedrain,87,149,68,97,$64,,,,,,,,,,,,,,,,,,,,
gimpwiz,60,1,60,60,,,,,,,,,,,,,,,,,,,,,
gleaver49,86,87,60,94,$68,,,,,,,,,,,,,,,,,,,,
glenn_morangie,84,1,84,84,$52,,,,,,,,,,,,,,,,,,,,
glifberg,86,12,71,95,$47,,,,,,,,,,,,,,,,,,,,
glinsvad,86,1,86,86,$53,,,,,,,,,,,,,,,,,,,,
gnarledout,82,1,82,82,$28,,,,,,,,,,,,,,,,,,,,
gnarlythor,87,1,87,87,$85,,,,,,,,,,,,,,,,,,,,
godot-3000,93,1,93,93,$75,,,,,,,,,,,,,,,,,,,,
goodtimes96,80,1,80,80,$55,,,,,,,,,,,,,,,,,,,,
gooshwa,42,1,42,42,$70,,,,,,,,,,,,,,,,,,,,
gorefiendus,91,1,91,91,$91,,,,,,,,,,,,,,,,,,,,
gothmog1114,100,1,100,100,$80,,,,,,,,,,,,,,,,,,,,
graggy,82,1,82,82,$100,,,,,,,,,,,,,,,,,,,,
grampadeal,84,7,73,90,$36,,,,,,,,,,,,,,,,,,,,
greenchipmunk,85,1,85,85,$55,,,,,,,,,,,,,,,,,,,,
gregbenson314,87,9,78,92,$40,,,,,,,,,,,,,,,,,,,,
grego33,83,2,81,84,$48,,,,,,,,,,,,,,,,,,,,
grexgorz,89,6,79,96,$98,,,,,,,,,,,,,,,,,,,,
gringodemaio,88,1,88,88,$75,,,,,,,,,,,,,,,,,,,,
groggydod,89,1,89,89,$30,,,,,,,,,,,,,,,,,,,,
groggydog,88,5,80,96,$60,,,,,,,,,,,,,,,,,,,,
gwcad,89,1,89,89,,,,,,,,,,,,,,,,,,,,,
gx86,86,9,72,96,,,,,,,,,,,,,,,,,,,,,
hadriano2,84,1,84,84,$100,,,,,,,,,,,,,,,,,,,,
hailchaos,87,89,45,98,$54,,,,,,,,,,,,,,,,,,,,
hallslys,86,3,81,93,$40,,,,,,,,,,,,,,,,,,,,
hardyman7,85,2,82,87,$205,,,,,,,,,,,,,,,,,,,,
harpsm,79,6,68,91,$25,,,,,,,,,,,,,,,,,,,,
havingafiresale,80,1,80,80,$40,,,,,,,,,,,,,,,,,,,,
hd335,91,1,91,91,,,,,,,,,,,,,,,,,,,,,
headlessparrot,82,135,1,95,$35,,,,,,,,,,,,,,,,,,,,
hebephrenic,87,39,70,99,$46,,,,,,,,,,,,,,,,,,,,
hellsquidsintl,86,5,70,93,$66,,,,,,,,,,,,,,,,,,,,
henryphilipmccoy,67,1,67,67,,,,,,,,,,,,,,,,,,,,,
heresyourfuture,88,4,81,93,$70,,,,,,,,,,,,,,,,,,,,
hidden_moose,82,5,70,90,$70,,,,,,,,,,,,,,,,,,,,
his_dudeness,86,37,71,97,$42,,,,,,,,,,,,,,,,,,,,
hofiman,86,1,86,86,,,,,,,,,,,,,,,,,,,,,
holladaddy,81,10,63,95,$56,,,,,,,,,,,,,,,,,,,,
homebargirl,95,1,95,95,"$4,500",,,,,,,,,,,,,,,,,,,,
horizoning,83,10,71,94,$70,,,,,,,,,,,,,,,,,,,,
howcanyoubesleeping,78,1,78,78,$38,,,,,,,,,,,,,,,,,,,,
howheels,89,3,89,90,$77,,,,,,,,,,,,,,,,,,,,
hryelle,87,54,70,99,,,,,,,,,,,,,,,,,,,,,
hukisop,86,6,77,93,$100,,,,,,,,,,,,,,,,,,,,
humann,96,1,96,96,$400,,,,,,,,,,,,,,,,,,,,
hutchero,88,2,85,90,$68,,,,,,,,,,,,,,,,,,,,
iDriveAvolvo,84,1,84,84,$80,,,,,,,,,,,,,,,,,,,,
iHobbit,95,1,95,95,,,,,,,,,,,,,,,,,,,,,
iamzacks,85,3,80,88,$60,,,,,,,,,,,,,,,,,,,,
ianp622,74,5,40,90,$90,,,,,,,,,,,,,,,,,,,,
ianperera,88,6,80,96,$239,,,,,,,,,,,,,,,,,,,,
idahoduckhunter,88,2,83,93,$130,,,,,,,,,,,,,,,,,,,,
idosay,88,1,88,88,$19,,,,,,,,,,,,,,,,,,,,
ienjoyopium,83,28,23,96,$45,,,,,,,,,,,,,,,,,,,,
if_Engage,85,1,85,85,$80,,,,,,,,,,,,,,,,,,,,
ignotos,80,2,75,85,$47,,,,,,,,,,,,,,,,,,,,
ileftmyphoneupstairs,65,1,65,65,$30,,,,,,,,,,,,,,,,,,,,
illu45,81,2,66,95,$50,,,,,,,,,,,,,,,,,,,,
im_an_antelope,78,3,75,83,,,,,,,,,,,,,,,,,,,,,
impulse_255,86,1,86,86,$77,,,,,,,,,,,,,,,,,,,,
intronic 1,86,1,86,86,,,,,,,,,,,,,,,,,,,,,
intronic1,87,10,78,94,,,,,,,,,,,,,,,,,,,,,
ionis,86,1,86,86,,,,,,,,,,,,,,,,,,,,,
irrg,84,5,70,92,$60,,,,,,,,,,,,,,,,,,,,
island_nerd,80,1,80,80,$70,,,,,,,,,,,,,,,,,,,,
itsthedashi,91,1,91,91,$90,,,,,,,,,,,,,,,,,,,,
j4ni,85,137,49,100,$32,,,,,,,,,,,,,,,,,,,,
j4ni ,85,2,76,94,,,,,,,,,,,,,,,,,,,,,
jaba1337,93,1,93,93,$20,,,,,,,,,,,,,,,,,,,,
jabby81,96,1,96,96,,,,,,,,,,,,,,,,,,,,,
jabrodo,80,1,80,80,$50,,,,,,,,,,,,,,,,,,,,
jackytar,73,1,73,73,$85,,,,,,,,,,,,,,,,,,,,
jaf1211,91,3,82,98,$97,,,,,,,,,,,,,,,,,,,,
jaime,93,1,93,93,,,,,,,,,,,,,,,,,,,,,
jaimeg7,90,1,90,90,$68,,,,,,,,,,,,,,,,,,,,
jakemg ,90,1,90,90,$22,,,,,,,,,,,,,,,,,,,,
jamesrc,83,20,52,95,$70,,,,,,,,,,,,,,,,,,,,
jaytrade21,30,1,30,30,$30,,,,,,,,,,,,,,,,,,,,
jazzwhiz,82,4,70,91,$46,,,,,,,,,,,,,,,,,,,,
jbags12345,75,1,75,75,$40,,,,,,,,,,,,,,,,,,,,
jbl7979,87,16,74,96,$41,,,,,,,,,,,,,,,,,,,,
jeffiethepirate,86,1,86,86,$45,,,,,,,,,,,,,,,,,,,,
jeppers,82,2,78,85,,,,,,,,,,,,,,,,,,,,,
jerpskerp,86,1,86,86,$50,,,,,,,,,,,,,,,,,,,,
jethanr,85,1,85,85,$30,,,,,,,,,,,,,,,,,,,,
jewbageller,84,21,71,96,$58,,,,,,,,,,,,,,,,,,,,
jgoodysalaker,86,13,73,91,$35,,,,,,,,,,,,,,,,,,,,
jimvarney01,84,3,77,90,$48,,,,,,,,,,,,,,,,,,,,
jinntakk,86,4,82,89,$27,,,,,,,,,,,,,,,,,,,,
jjiggajouncer,80,1,80,80,,,,,,,,,,,,,,,,,,,,,
jleese,85,65,69,95,$125,,,,,,,,,,,,,,,,,,,,
jmlinden7,91,1,91,91,$24,,,,,,,,,,,,,,,,,,,,
jmmdc,70,1,70,70,$50,,,,,,,,,,,,,,,,,,,,
jnmiller,85,2,84,86,$39,,,,,,,,,,,,,,,,,,,,
joehahn,79,53,24,100,$33,,,,,,,,,,,,,,,,,,,,
joelb,81,7,75,89,$55,,,,,,,,,,,,,,,,,,,,
johnaldmcgee,89,4,80,95,,,,,,,,,,,,,,,,,,,,,
johnamo,87,4,83,90,$78,,,,,,,,,,,,,,,,,,,,
johnnyfondue,65,1,65,65,$45,,,,,,,,,,,,,,,,,,,,
jonker1541,69,60,30,90,$27,,,,,,,,,,,,,,,,,,,,
jonpacker,75,1,75,75,,,,,,,,,,,,,,,,,,,,,
jook11,81,2,78,84,$28,,,,,,,,,,,,,,,,,,,,
jooni81,87,19,33,95,$58,,,,,,,,,,,,,,,,,,,,
jphank,84,23,68,98,$81,,,,,,,,,,,,,,,,,,,,
jpmoneyman,91,1,91,91,$65,,,,,,,,,,,,,,,,,,,,
jradical21,70,1,70,70,$60,,,,,,,,,,,,,,,,,,,,
jrdz,75,1,75,75,,,,,,,,,,,,,,,,,,,,,
jrrickard,91,2,90,92,$50,,,,,,,,,,,,,,,,,,,,
jswens,83,2,78,87,$32,,,,,,,,,,,,,,,,,,,,
juliuscaesar2701,86,4,80,93,$140,,,,,,,,,,,,,,,,,,,,
justanotherbad,40,1,40,40,$20,,,,,,,,,,,,,,,,,,,,
justicy,82,9,72,92,$22,,,,,,,,,,,,,,,,,,,,
jvlomax,83,1,83,83,$84,,,,,,,,,,,,,,,,,,,,
jyhwei5070,80,3,72,85,$50,,,,,,,,,,,,,,,,,,,,
kalg,82,9,75,90,$54,,,,,,,,,,,,,,,,,,,,
kallumama,84,5,80,88,,,,,,,,,,,,,,,,,,,,,
kcebnaes,69,2,60,77,$45,,,,,,,,,,,,,,,,,,,,
kdz13,85,296,10,98,$103,,,,,,,,,,,,,,,,,,,,
kent_nova,82,2,78,85,$41,,,,,,,,,,,,,,,,,,,,
kevinoshea,86,12,80,93,$46,,,,,,,,,,,,,,,,,,,,
kibaspirit,87,1,87,87,$50,,,,,,,,,,,,,,,,,,,,
kil-art,81,5,70,90,$34,,,,,,,,,,,,,,,,,,,,
killyouintheface,84,1,84,84,,,,,,,,,,,,,,,,,,,,,
kilond,83,1,83,83,$60,,,,,,,,,,,,,,,,,,,,
kilted44,85,1,85,85,$44,,,,,,,,,,,,,,,,,,,,
kinohead,83,255,41,94,,,,,,,,,,,,,,,,,,,,,
kinohead ,87,1,87,87,,,,,,,,,,,,,,,,,,,,,
kire545,86,2,85,87,$67,,,,,,,,,,,,,,,,,,,,
kiwifuel,90,1,90,90,$38,,,,,,,,,,,,,,,,,,,,
klabelkholosh,93,1,93,93,$104,,,,,,,,,,,,,,,,,,,,
kmallon12,92,1,92,92,$65,,,,,,,,,,,,,,,,,,,,
kmillns,87,12,72,98,$48,,,,,,,,,,,,,,,,,,,,
kobbler91,88,1,88,88,,,,,,,,,,,,,,,,,,,,,
kornilov1234,80,16,50,91,$19,,,,,,,,,,,,,,,,,,,,
kqr,90,1,90,90,$60,,,,,,,,,,,,,,,,,,,,
krazy_yak,95,1,95,95,$140,,,,,,,,,,,,,,,,,,,,
krisjoon,85,13,77,91,$72,,,,,,,,,,,,,,,,,,,,
kronkthenarwhal,83,19,64,94,$37,,,,,,,,,,,,,,,,,,,,
kswagger,89,2,88,90,$42,,,,,,,,,,,,,,,,,,,,
kumori,80,5,70,87,$25,,,,,,,,,,,,,,,,,,,,
kw_Pip,73,2,66,79,$20,,,,,,,,,,,,,,,,,,,,
kyrocera,92,1,92,92,$75,,,,,,,,,,,,,,,,,,,,
kzrider550,75,1,75,75,$15,,,,,,,,,,,,,,,,,,,,
lakerf13ld,82,14,69,92,$50,,,,,,,,,,,,,,,,,,,,
lankiofbadger,50,1,50,50,$30,,,,,,,,,,,,,,,,,,,,
le_canuck,81,27,45,93,$71,,,,,,,,,,,,,,,,,,,,
leemill02,85,7,80,94,$72,,,,,,,,,,,,,,,,,,,,
lemontie,90,1,90,90,,,,,,,,,,,,,,,,,,,,,
leonardicus,82,1,82,82,$70,,,,,,,,,,,,,,,,,,,,
leonardicus ,86,1,86,86,,,,,,,,,,,,,,,,,,,,,
leroideschoux,85,29,69,99,$48,,,,,,,,,,,,,,,,,,,,
lexipain,88,1,88,88,$100,,,,,,,,,,,,,,,,,,,,
lgoolsby,82,3,75,88,$58,,,,,,,,,,,,,,,,,,,,
liberal_texan,91,6,80,95,,,,,,,,,,,,,,,,,,,,,
lille45,83,16,65,93,$44,,,,,,,,,,,,,,,,,,,,
literallyoverthemoon,90,1,90,90,$100,,,,,,,,,,,,,,,,,,,,
livesingeorgia,89,2,85,92,$25,,,,,,,,,,,,,,,,,,,,
lmYourHuckleberry,52,1,52,52,$26,,,,,,,,,,,,,,,,,,,,
lmndrsn,77,5,40,92,$47,,,,,,,,,,,,,,,,,,,,
loewe67,74,1,74,74,$23,,,,,,,,,,,,,,,,,,,,
lolwat_o_O,93,1,93,93,$44,,,,,,,,,,,,,,,,,,,,
lookitskeith,81,11,75,85,,,,,,,,,,,,,,,,,,,,,
loookitsatravis,95,1,95,95,$79,,,,,,,,,,,,,,,,,,,,
lordhawkthefirst,78,35,36,93,$53,,,,,,,,,,,,,,,,,,,,
lostwars,90,1,90,90,$582,,,,,,,,,,,,,,,,,,,,
loverollercoaster,88,4,85,90,$165,,,,,,,,,,,,,,,,,,,,
lucid-beatnik,73,1,73,73,,,,,,,,,,,,,,,,,,,,,
lucidgoo,92,1,92,92,,,,,,,,,,,,,,,,,,,,,
luckyaussiebob,87,13,80,94,$63,,,,,,,,,,,,,,,,,,,,
luopjiggy,77,1,77,77,$36,,,,,,,,,,,,,,,,,,,,
lvl1dramacenter,78,52,30,91,$60,,,,,,,,,,,,,,,,,,,,
macbrain,90,1,90,90,$20,,,,,,,,,,,,,,,,,,,,
madgraf,86,111,66,94,$135,,,,,,,,,,,,,,,,,,,,
magichabits,80,1,80,80,,,,,,,,,,,,,,,,,,,,,
majesticfiestic,84,1,84,84,,,,,,,,,,,,,,,,,,,,,
malbec0123,91,3,89,93,$42,,,,,,,,,,,,,,,,,,,,
maltmad,75,1,75,75,$55,,,,,,,,,,,,,,,,,,,,
maltmention,89,1,89,89,$54,,,,,,,,,,,,,,,,,,,,
mamjjasond,91,11,80,99,$61,,,,,,,,,,,,,,,,,,,,
mapolo29,86,21,77,92,$76,,,,,,,,,,,,,,,,,,,,
marcusmv3,86,31,68,94,$42,,,,,,,,,,,,,,,,,,,,
marlowe0,99,1,99,99,,,,,,,,,,,,,,,,,,,,,
mattofmattfame,85,162,65,96,$90,,,,,,,,,,,,,,,,,,,,
maxrecline,86,51,50,95,$54,,,,,,,,,,,,,,,,,,,,
maybeitsmeh,93,1,93,93,$90,,,,,,,,,,,,,,,,,,,,
mclendenin,90,1,90,90,$103,,,,,,,,,,,,,,,,,,,,
mdf356,83,3,70,90,$68,,,,,,,,,,,,,,,,,,,,
megakerstin,89,2,86,91,$90,,,,,,,,,,,,,,,,,,,,
meisterhoff,90,1,90,90,,,,,,,,,,,,,,,,,,,,,
men,84,1,84,84,$28,,,,,,,,,,,,,,,,,,,,
mentel42,85,134,50,99,$64,,,,,,,,,,,,,,,,,,,,
mer-mer-mer-mer-mer,93,4,87,97,$66,,,,,,,,,,,,,,,,,,,,
merlinblack,84,11,65,98,,,,,,,,,,,,,,,,,,,,,
mfeds,84,24,60,94,$46,,,,,,,,,,,,,,,,,,,,
mgboy,82,3,77,89,$31,,,,,,,,,,,,,,,,,,,,
mgmarch,83,11,65,90,,,,,,,,,,,,,,,,,,,,,
micahatlarge,80,3,73,91,$81,,,,,,,,,,,,,,,,,,,,
michealn,81,21,25,97,$65,,,,,,,,,,,,,,,,,,,,
mickpadre,81,2,73,88,$53,,,,,,,,,,,,,,,,,,,,
midwestredditor,76,9,52,90,$50,,,,,,,,,,,,,,,,,,,,
mikefromengland,80,1,80,80,$30,,,,,,,,,,,,,,,,,,,,
mimes_piss_me_off,90,1,90,90,$850,,,,,,,,,,,,,,,,,,,,
minutemsn,87,1,87,87,$85,,,,,,,,,,,,,,,,,,,,
mister_damage,68,10,10,89,$35,,,,,,,,,,,,,,,,,,,,
mistersparrow,90,1,90,90,$80,,,,,,,,,,,,,,,,,,,,
mk_bway,81,3,70,88,$42,,,,,,,,,,,,,,,,,,,,
mkentjohnson,87,1,87,87,$55,,,,,,,,,,,,,,,,,,,,
modus___pwnens,86,1,86,86,,,,,,,,,,,,,,,,,,,,,
moinban,88,20,75,95,$66,,,,,,,,,,,,,,,,,,,,
moogatronic,89,18,82,94,$73,,,,,,,,,,,,,,,,,,,,
mostly_cats,90,1,90,90,,,,,,,,,,,,,,,,,,,,,
mountaindram,86,1,86,86,,,,,,,,,,,,,,,,,,,,,
mountaingoatinSD,84,14,63,90,$60,,,,,,,,,,,,,,,,,,,,
mr_scary,87,1,87,87,,,,,,,,,,,,,,,,,,,,,
mrhobo_rz,79,1,79,79,$90,,,,,,,,,,,,,,,,,,,,
mrrocketphat,91,1,91,91,,,,,,,,,,,,,,,,,,,,,
mrz1988,88,80,73,96,$73,,,,,,,,,,,,,,,,,,,,
msaccarello,79,1,79,79,$38,,,,,,,,,,,,,,,,,,,,
msheinberg,86,21,75,95,$84,,,,,,,,,,,,,,,,,,,,
muaddib99,81,617,9,95,$59,,,,,,,,,,,,,,,,,,,,
mudze,20,1,20,20,,,,,,,,,,,,,,,,,,,,,
mullirific,82,1,82,82,$30,,,,,,,,,,,,,,,,,,,,
musschrott,25,1,25,25,$6,,,,,,,,,,,,,,,,,,,,
muttur,91,2,85,97,$65,,,,,,,,,,,,,,,,,,,,
mvenecasper,91,1,91,91,,,,,,,,,,,,,,,,,,,,,
mxstirner,85,2,83,87,$59,,,,,,,,,,,,,,,,,,,,
mysundayscheming,78,7,65,89,,,,,,,,,,,,,,,,,,,,,
mywifebroughtmehere,86,2,80,92,$52,,,,,,,,,,,,,,,,,,,,
narcoleptic_insomnia,88,11,79,94,$40,,,,,,,,,,,,,,,,,,,,
nateyo,84,2,82,85,$58,,,,,,,,,,,,,,,,,,,,
nathancox,83,3,79,86,$60,,,,,,,,,,,,,,,,,,,,
neanderthalman,87,1,87,87,,,,,,,,,,,,,,,,,,,,,
necessaryillusion,82,1,82,82,$25,,,,,,,,,,,,,,,,,,,,
neecho235,85,1,85,85,$40,,,,,,,,,,,,,,,,,,,,
netheranthem,57,2,53,60,$73,,,,,,,,,,,,,,,,,,,,
nickE,86,5,74,93,$54,,,,,,,,,,,,,,,,,,,,
nivek,88,2,82,93,$105,,,,,,,,,,,,,,,,,,,,
nnniiiccckkk1,86,10,75,95,$68,,,,,,,,,,,,,,,,,,,,
nobruob,87,5,81,95,$47,,,,,,,,,,,,,,,,,,,,
noiseromantic,76,2,71,80,$32,,,,,,,,,,,,,,,,,,,,
noshitwatson,88,4,82,96,$88,,,,,,,,,,,,,,,,,,,,
notcaffeinefree,87,3,80,91,$68,,,,,,,,,,,,,,,,,,,,
npantages,91,2,90,91,$135,,,,,,,,,,,,,,,,,,,,
nsquare14,86,22,77,94,$165,,,,,,,,,,,,,,,,,,,,
nteagle,84,24,78,90,$100,,,,,,,,,,,,,,,,,,,,
ocmusician,95,1,95,95,$55,,,,,,,,,,,,,,,,,,,,
ogionthesilent,87,3,80,92,$58,,,,,,,,,,,,,,,,,,,,
ohsweetman,87,2,83,91,$25,,,,,,,,,,,,,,,,,,,,
oilytheotter,93,1,93,93,$241,,,,,,,,,,,,,,,,,,,,
oksana_b,30,1,30,30,,,,,,,,,,,,,,,,,,,,,
onePun,88,40,72,96,$54,,,,,,,,,,,,,,,,,,,,
orehnmadgib,71,148,31,88,$59,,,,,,,,,,,,,,,,,,,,
organicaporetic,92,1,92,92,$55,,,,,,,,,,,,,,,,,,,,
osuguy15,75,1,75,75,$11,,,,,,,,,,,,,,,,,,,,
otherwiseguy,90,1,90,90,$68,,,,,,,,,,,,,,,,,,,,
ounknownto,84,8,77,91,$86,,,,,,,,,,,,,,,,,,,,
ozmalt_jones,88,31,70,95,$215,,,,,,,,,,,,,,,,,,,,
pacifien,88,7,80,95,$92,,,,,,,,,,,,,,,,,,,,
panda12291,85,1,85,85,$57,,,,,,,,,,,,,,,,,,,,
panda85,80,1,80,80,$30,,,,,,,,,,,,,,,,,,,,
papa_caducio,80,6,65,89,$94,,,,,,,,,,,,,,,,,,,,
papa_cducio,80,1,80,80,$90,,,,,,,,,,,,,,,,,,,,
pash1k,88,1,88,88,$50,,,,,,,,,,,,,,,,,,,,
pauric,88,1,88,88,,,,,,,,,,,,,,,,,,,,,
pcopley,88,4,84,90,$72,,,,,,,,,,,,,,,,,,,,
pepe_le_shoe,76,33,1,95,$38,,,,,,,,,,,,,,,,,,,,
peterjoel,86,9,70,93,$84,,,,,,,,,,,,,,,,,,,,
peterjswift,57,4,30,75,$11,,,,,,,,,,,,,,,,,,,,
pgar,86,1,86,86,$50,,,,,,,,,,,,,,,,,,,,
phishyninja,90,1,90,90,$55,,,,,,,,,,,,,,,,,,,,
phxrisin,85,1,85,85,$25,,,,,,,,,,,,,,,,,,,,
pietya,86,2,81,90,$37,,,,,,,,,,,,,,,,,,,,
pinto2113,85,4,81,90,,,,,,,,,,,,,,,,,,,,,
pletch131,87,3,84,88,$42,,,,,,,,,,,,,,,,,,,,
plhawey,87,7,81,93,$145,,,,,,,,,,,,,,,,,,,,
plink_plink,77,1,77,77,,,,,,,,,,,,,,,,,,,,,
polyponic,87,1,87,87,,,,,,,,,,,,,,,,,,,,,
pooptest123,88,1,88,88,$80,,,,,,,,,,,,,,,,,,,,
primedape,85,20,66,93,$98,,,,,,,,,,,,,,,,,,,,
princedarren1,92,1,92,92,$60,,,,,,,,,,,,,,,,,,,,
prodigalpunker,84,3,77,87,$83,,,,,,,,,,,,,,,,,,,,
propgun,88,1,88,88,$45,,,,,,,,,,,,,,,,,,,,
puckdafackers,70,1,70,70,,,,,,,,,,,,,,,,,,,,,
punkideas,78,1,78,78,$60,,,,,,,,,,,,,,,,,,,,
punninglinguist,86,4,80,91,,,,,,,,,,,,,,,,,,,,,
pwsmith3,83,1,83,83,$72,,,,,,,,,,,,,,,,,,,,
quatro04,75,1,75,75,$46,,,,,,,,,,,,,,,,,,,,
quickdust,90,1,90,90,$43,,,,,,,,,,,,,,,,,,,,
r-cubed,90,1,90,90,$200,,,,,,,,,,,,,,,,,,,,
r/Bourbon Community,85,19,74,93,$60,,,,,,,,,,,,,,,,,,,,
r/Scotch Community,84,17,72,93,,,,,,,,,,,,,,,,,,,,,
r0ut3,80,1,80,80,,,,,,,,,,,,,,,,,,,,,
rabbyt,82,1,82,82,$150,,,,,,,,,,,,,,,,,,,,
racuerex,79,1,79,79,$34,,,,,,,,,,,,,,,,,,,,
radicaleggnog,79,10,10,98,$39,,,,,,,,,,,,,,,,,,,,
radiofragments,92,2,91,93,$182,,,,,,,,,,,,,,,,,,,,
radiozip,82,26,65,95,$30,,,,,,,,,,,,,,,,,,,,
raevnos,79,32,60,92,$50,,,,,,,,,,,,,,,,,,,,
rafaelNOSfurcal,75,1,75,75,$16,,,,,,,,,,,,,,,,,,,,
ragefather,80,1,80,80,,,,,,,,,,,,,,,,,,,,,
raider02,85,1,85,85,$49,,,,,,,,,,,,,,,,,,,,
raistlinmaje,90,2,87,92,$58,,,,,,,,,,,,,,,,,,,,
randytrevor,89,2,82,95,$50,,,,,,,,,,,,,,,,,,,,
ranok,92,2,87,96,$84,,,,,,,,,,,,,,,,,,,,
rawrimmaraptor,88,3,87,89,$70,,,,,,,,,,,,,,,,,,,,
razzafrachen,84,110,58,97,$67,,,,,,,,,,,,,,,,,,,,
readsyouruserhistory,63,1,63,63,$23,,,,,,,,,,,,,,,,,,,,
rebeltrillionaire,91,1,91,91,$45,,,,,,,,,,,,,,,,,,,,
redcorns,86,1,86,86,$35,,,,,,,,,,,,,,,,,,,,
reddbdb,84,98,55,96,$68,,,,,,,,,,,,,,,,,,,,
reddit_chaos,86,3,85,89,,,,,,,,,,,,,,,,,,,,,
redshirt32,85,1,85,85,$50,,,,,,,,,,,,,,,,,,,,
reeljazz7,72,4,45,91,$38,,,,,,,,,,,,,,,,,,,,
remember09,90,4,87,93,$60,,,,,,,,,,,,,,,,,,,,
revanon,80,51,60,90,$44,,,,,,,,,,,,,,,,,,,,
rex_banner,90,3,90,91,$63,,,,,,,,,,,,,,,,,,,,
rhabarba,85,39,72,96,$121,,,,,,,,,,,,,,,,,,,,
rhashish1,81,2,70,91,$50,,,,,,,,,,,,,,,,,,,,
rhinusax,85,1,85,85,$29,,,,,,,,,,,,,,,,,,,,
rhinusdax,82,5,67,96,$18,,,,,,,,,,,,,,,,,,,,
rieh,45,1,45,45,,,,,,,,,,,,,,,,,,,,,
rintala,86,2,82,90,$71,,,,,,,,,,,,,,,,,,,,
ripsock,81,5,70,90,,,,,,,,,,,,,,,,,,,,,
rjparjay,40,1,40,40,$30,,,,,,,,,,,,,,,,,,,,
rltw25,88,1,88,88,$105,,,,,,,,,,,,,,,,,,,,
rm999,90,3,87,92,$87,,,,,,,,,,,,,,,,,,,,
rmill3r,80,135,1,100,$60,,,,,,,,,,,,,,,,,,,,
robot_dragon46,85,1,85,85,$57,,,,,,,,,,,,,,,,,,,,
robotsongs,84,5,82,85,$45,,,,,,,,,,,,,,,,,,,,
rocketsmurf,82,15,38,94,$114,,,,,,,,,,,,,,,,,,,,
rockindaddy,84,151,36,98,$51,,,,,,,,,,,,,,,,,,,,
rollfaster,85,1,85,85,,,,,,,,,,,,,,,,,,,,,
rominronin,77,3,65,90,$35,,,,,,,,,,,,,,,,,,,,
ronnulus,95,1,95,95,$54,,,,,,,,,,,,,,,,,,,,
rook2pawn,25,1,25,25,$9,,,,,,,,,,,,,,,,,,,,
rsm5068,84,3,80,86,$37,,,,,,,,,,,,,,,,,,,,
rt3506,85,17,64,92,$81,,,,,,,,,,,,,,,,,,,,
rubicon399,79,2,72,85,$36,,,,,,,,,,,,,,,,,,,,
runningraleigh,88,2,88,88,$30,,,,,,,,,,,,,,,,,,,,
russki,92,1,92,92,,,,,,,,,,,,,,,,,,,,,
ryan_is_awesome,57,1,57,57,,,,,,,,,,,,,,,,,,,,,
sadasasimile,80,1,80,80,$250,,,,,,,,,,,,,,,,,,,,
salmonofdoubt6,74,2,65,82,$37,,,,,,,,,,,,,,,,,,,,
saltpeanutss,86,2,81,91,$101,,,,,,,,,,,,,,,,,,,,
saltyFrost,60,1,60,60,$59,,,,,,,,,,,,,,,,,,,,
saryakhran,87,3,81,93,$49,,,,,,,,,,,,,,,,,,,,
saundrew,82,1,82,82,$35,,,,,,,,,,,,,,,,,,,,
schmibitar,87,3,82,93,,,,,,,,,,,,,,,,,,,,,
scoooty54,79,2,68,89,$50,,,,,,,,,,,,,,,,,,,,
scotchable,85,1,85,85,,,,,,,,,,,,,,,,,,,,,
scotchen,91,3,89,92,$592,,,,,,,,,,,,,,,,,,,,
scotchnbacon,95,1,95,95,$650,,,,,,,,,,,,,,,,,,,,
scotchnbeer,89,2,87,90,$80,,,,,,,,,,,,,,,,,,,,
scottder,83,1,83,83,$33,,,,,,,,,,,,,,,,,,,,
seamusjr,75,8,67,82,$38,,,,,,,,,,,,,,,,,,,,
seaspecial,88,3,86,90,,,,,,,,,,,,,,,,,,,,,
segonius,85,3,77,90,$45,,,,,,,,,,,,,,,,,,,,
sengin31,87,2,79,95,,,,,,,,,,,,,,,,,,,,,
seventhbear,90,1,90,90,$50,,,,,,,,,,,,,,,,,,,,
severemcstorm,85,1,85,85,$55,,,,,,,,,,,,,,,,,,,,
shakewell,92,1,92,92,$60,,,,,,,,,,,,,,,,,,,,
shamdalar,89,3,86,93,$61,,,,,,,,,,,,,,,,,,,,
shatenfreude,91,14,78,97,$86,,,,,,,,,,,,,,,,,,,,
shfdjfsaf,85,6,75,91,$29,,,,,,,,,,,,,,,,,,,,
shigy,60,1,60,60,,,,,,,,,,,,,,,,,,,,,
shitstainedlegobrick,82,3,77,90,$28,,,,,,,,,,,,,,,,,,,,
shmancy,83,2,79,87,$52,,,,,,,,,,,,,,,,,,,,
shooterflatch,88,56,30,96,$75,,,,,,,,,,,,,,,,,,,,
signde,84,262,50,100,$65,,,,,,,,,,,,,,,,,,,,
silverman96,88,1,88,88,$67,,,,,,,,,,,,,,,,,,,,
singlemaltwhiksy,95,1,95,95,"$42,000",,,,,,,,,,,,,,,,,,,,
sinjun86,89,3,85,94,,,,,,,,,,,,,,,,,,,,,
sirabra,79,7,68,92,$36,,,,,,,,,,,,,,,,,,,,
sirlaughalot,85,1,85,85,,,,,,,,,,,,,,,,,,,,,
sjhill,92,1,92,92,,,,,,,,,,,,,,,,,,,,,
skeptikalklown,80,9,68,89,$39,,,,,,,,,,,,,,,,,,,,
skot_skot,88,6,80,94,$44,,,,,,,,,,,,,,,,,,,,
skuzbuket,75,33,32,97,$38,,,,,,,,,,,,,,,,,,,,
slackerdude,86,7,78,93,$80,,,,,,,,,,,,,,,,,,,,
slanderousu,78,89,10,95,$105,,,,,,,,,,,,,,,,,,,,
slashoom,95,1,95,95,,,,,,,,,,,,,,,,,,,,,
smalloilyfish,85,1,85,85,$34,,,,,,,,,,,,,,,,,,,,
smoked_herring,85,8,77,90,$65,,,,,,,,,,,,,,,,,,,,
soapy_goatherd,90,6,84,96,$48,,,,,,,,,,,,,,,,,,,,
sockmerchant,90,4,82,95,,,,,,,,,,,,,,,,,,,,,
sodo_moj0,88,36,74,97,$59,,,,,,,,,,,,,,,,,,,,
solace666,88,8,81,91,$45,,,,,,,,,,,,,,,,,,,,
sonnyclips,84,1,84,84,$17,,,,,,,,,,,,,,,,,,,,
sonofcroesus,84,7,78,91,$45,,,,,,,,,,,,,,,,,,,,
sonofwatt,83,1,83,83,$46,,,,,,,,,,,,,,,,,,,,
soonami,86,21,72,92,$43,,,,,,,,,,,,,,,,,,,,
soymilkisgood,86,2,82,89,$37,,,,,,,,,,,,,,,,,,,,
sp1ip,86,9,80,92,,,,,,,,,,,,,,,,,,,,,
spacecadet2000,87,1,87,87,$87,,,,,,,,,,,,,,,,,,,,
spardocus,83,4,75,88,,,,,,,,,,,,,,,,,,,,,
spg2469,78,60,25,95,$50,,,,,,,,,,,,,,,,,,,,
sphericalbovinae,87,20,75,95,$147,,,,,,,,,,,,,,,,,,,,
spid3rfly,86,16,70,93,$28,,,,,,,,,,,,,,,,,,,,
spikefromspace,92,1,92,92,$50,,,,,,,,,,,,,,,,,,,,
splice42,87,3,85,88,,,,,,,,,,,,,,,,,,,,,
sporkisfaster,90,2,89,90,$57,,,,,,,,,,,,,,,,,,,,
spyderfuente,88,4,83,93,$54,,,,,,,,,,,,,,,,,,,,
stan_k,89,1,89,89,,,,,,,,,,,,,,,,,,,,,
stein_auf,90,2,88,92,$74,,,,,,,,,,,,,,,,,,,,
stenskott,90,5,80,94,$80,,,,,,,,,,,,,,,,,,,,
stephenquest,75,2,75,75,$23,,,,,,,,,,,,,,,,,,,,
stogiesontherocks,80,2,70,90,$37,,,,,,,,,,,,,,,,,,,,
stonecoldstevehawkng,88,30,70,95,$43,,,,,,,,,,,,,,,,,,,,
storunner13,85,4,82,86,$23,,,,,,,,,,,,,,,,,,,,
straightpsyche,92,1,92,92,$90,,,,,,,,,,,,,,,,,,,,
strasse007,85,291,40,97,$127,,,,,,,,,,,,,,,,,,,,
stravinskyfanboy,88,7,83,90,$31,,,,,,,,,,,,,,,,,,,,
stupidrobots,85,2,78,92,$40,,,,,,,,,,,,,,,,,,,,
sunsolid,94,14,89,100,$192,,,,,,,,,,,,,,,,,,,,
superyeti,77,4,55,91,$54,,,,,,,,,,,,,,,,,,,,
suprchunk,86,2,84,87,$72,,,,,,,,,,,,,,,,,,,,
svalli,50,1,50,50,$65,,,,,,,,,,,,,,,,,,,,
sven_jolly2651,87,2,85,89,$109,,,,,,,,,,,,,,,,,,,,
swanson_stash,93,2,92,94,,,,,,,,,,,,,,,,,,,,,
szila,87,28,70,94,$59,,,,,,,,,,,,,,,,,,,,
t,89,3,86,93,$68,,,,,,,,,,,,,,,,,,,,
t8ke,80,482,55,100,,,,,,,,,,,,,,,,,,,,,
tacosarejustice,88,2,85,90,$42,,,,,,,,,,,,,,,,,,,,
taddeimania,83,4,77,88,$34,,,,,,,,,,,,,,,,,,,,
tambrico,72,6,45,82,$33,,,,,,,,,,,,,,,,,,,,
tangysizzle,75,5,60,90,$110,,,,,,,,,,,,,,,,,,,,
tazz_2004,88,1,88,88,$60,,,,,,,,,,,,,,,,,,,,
tbawd,93,1,93,93,$54,,,,,,,,,,,,,,,,,,,,
tcsrwm,84,9,70,90,$31,,,,,,,,,,,,,,,,,,,,
tenpiecenugget,86,2,85,87,$125,,,,,,,,,,,,,,,,,,,,
tetriside,78,1,78,78,$14,,,,,,,,,,,,,,,,,,,,
texpeare,89,1,89,89,$55,,,,,,,,,,,,,,,,,,,,
thatfamousgrouse,88,25,69,97,$65,,,,,,,,,,,,,,,,,,,,
thatguy142,86,75,58,99,$121,,,,,,,,,,,,,,,,,,,,
thathighcracker,90,1,90,90,$60,,,,,,,,,,,,,,,,,,,,
thatwasntveryraven,85,1,85,85,$35,,,,,,,,,,,,,,,,,,,,
the18thelement,84,5,70,90,$63,,,,,,,,,,,,,,,,,,,,
theMEADEmule,85,7,81,91,$73,,,,,,,,,,,,,,,,,,,,
the_fuzziest,79,1,79,79,,,,,,,,,,,,,,,,,,,,,
the_muskox,80,71,56,93,$118,,,,,,,,,,,,,,,,,,,,
the_peoples_elbow,86,2,84,88,$55,,,,,,,,,,,,,,,,,,,,
the_purple_umbrella,88,1,88,88,$40,,,,,,,,,,,,,,,,,,,,
the_wilderness,88,5,83,91,$50,,,,,,,,,,,,,,,,,,,,
theamazinchad,77,1,77,77,$38,,,,,,,,,,,,,,,,,,,,
theboredbird,75,7,50,90,,,,,,,,,,,,,,,,,,,,,
thecravenone,90,1,90,90,$61,,,,,,,,,,,,,,,,,,,,
thedoopster,88,2,87,89,$112,,,,,,,,,,,,,,,,,,,,
thedude710,83,12,66,92,$62,,,,,,,,,,,,,,,,,,,,
theebeedeegee,87,1,87,87,$45,,,,,,,,,,,,,,,,,,,,
thefaq,85,8,76,94,$48,,,,,,,,,,,,,,,,,,,,
thefence_,71,1,71,71,$37,,,,,,,,,,,,,,,,,,,,
thegrubixcube,95,1,95,95,$78,,,,,,,,,,,,,,,,,,,,
thejpedia,88,1,88,88,$150,,,,,,,,,,,,,,,,,,,,
thelsicknick6,74,2,68,80,$150,,,,,,,,,,,,,,,,,,,,
thememeisalie,87,73,39,96,$40,,,,,,,,,,,,,,,,,,,,
thepolishlad,93,1,93,93,$40,,,,,,,,,,,,,,,,,,,,
thequikdraw,92,1,92,92,$60,,,,,,,,,,,,,,,,,,,,
therealJE,75,1,75,75,,,,,,,,,,,,,,,,,,,,,
therealfate,84,2,78,90,$39,,,,,,,,,,,,,,,,,,,,
thescimitar,87,4,75,96,$145,,,,,,,,,,,,,,,,,,,,
theslicknick6,70,314,23,97,$103,,,,,,,,,,,,,,,,,,,,
thetrumpetplayer,88,1,88,88,,,,,,,,,,,,,,,,,,,,,
thewhiskyenthusiast,87,4,83,90,$67,,,,,,,,,,,,,,,,,,,,
thewonkyprofessor,89,1,89,89,$50,,,,,,,,,,,,,,,,,,,,
thisispickled,87,4,75,93,$66,,,,,,,,,,,,,,,,,,,,
throwaway_faithless,80,1,80,80,$50,,,,,,,,,,,,,,,,,,,,
throwboats,88,490,61,97,$125,,,,,,,,,,,,,,,,,,,,
throzen,84,34,65,90,$35,,,,,,,,,,,,,,,,,,,,
tintin777,71,52,34,91,$75,,,,,,,,,,,,,,,,,,,,
tirdun,68,1,68,68,$75,,,,,,,,,,,,,,,,,,,,
tishpickle,95,1,95,95,$380,,,,,,,,,,,,,,,,,,,,
tmread,93,4,89,97,$220,,,,,,,,,,,,,,,,,,,,
tobiov,80,1,80,80,,,,,,,,,,,,,,,,,,,,,
tobold,90,1,90,90,$40,,,,,,,,,,,,,,,,,,,,
toddnew,87,19,67,96,$80,,,,,,,,,,,,,,,,,,,,
toomanyexpletives,88,1,88,88,$150,,,,,,,,,,,,,,,,,,,,
toomuchpapertowel,79,2,76,81,$31,,,,,,,,,,,,,,,,,,,,
topsham134,88,1,88,88,$65,,,,,,,,,,,,,,,,,,,,
torgo129,85,1,85,85,$48,,,,,,,,,,,,,,,,,,,,
torino_nera,80,2,69,90,$74,,,,,,,,,,,,,,,,,,,,
torontowhiskysociety,83,1,83,83,,,,,,,,,,,,,,,,,,,,,
tortrix,87,14,80,96,$95,,,,,,,,,,,,,,,,,,,,
totes_hagopes,82,3,79,86,$75,,,,,,,,,,,,,,,,,,,,
trainman92,78,2,70,86,,,,,,,,,,,,,,,,,,,,,
transmogriphi,90,1,90,90,$100,,,,,,,,,,,,,,,,,,,,
treebox,52,1,52,52,,,,,,,,,,,,,,,,,,,,,
trekk,80,1,80,80,$30,,,,,,,,,,,,,,,,,,,,
treydog999,88,3,85,90,$61,,,,,,,,,,,,,,,,,,,,
treydog9999,80,8,65,90,$61,,,,,,,,,,,,,,,,,,,,
trisscar1212,87,3,82,93,$29,,,,,,,,,,,,,,,,,,,,
troyk890,86,32,70,95,$246,,,,,,,,,,,,,,,,,,,,
trzk,85,35,65,98,$74,,,,,,,,,,,,,,,,,,,,
turnpikenorth,88,2,82,94,$46,,,,,,,,,,,,,,,,,,,,
tv,76,1,76,76,,,,,,,,,,,,,,,,,,,,,
tvraisedme,81,111,40,93,$68,,,,,,,,,,,,,,,,,,,,
twentypastfourpm,90,1,90,90,$35,,,,,,,,,,,,,,,,,,,,
twisterghost,83,2,81,84,$65,,,,,,,,,,,,,,,,,,,,
twomojitosplease,84,5,81,86,$59,,,,,,,,,,,,,,,,,,,,
tyfabes,83,1,83,83,$21,,,,,,,,,,,,,,,,,,,,
tyrsis,90,3,83,96,$93,,,,,,,,,,,,,,,,,,,,
u/beeteeoh,79,1,79,79,,,,,,,,,,,,,,,,,,,,,
u/devilsadvocate23,86,1,86,86,$52,,,,,,,,,,,,,,,,,,,,
u/rockrev,88,1,88,88,,,,,,,,,,,,,,,,,,,,,
ulicqd,86,8,75,91,$48,,,,,,,,,,,,,,,,,,,,
ullicqd,89,1,89,89,$36,,,,,,,,,,,,,,,,,,,,
unbreakablesausage,83,165,55,96,$65,,,,,,,,,,,,,,,,,,,,
uninnocen,87,1,87,87,,,,,,,,,,,,,,,,,,,,,
uninnocent,84,40,59,95,$56,,,,,,,,,,,,,,,,,,,,
unintelligently,86,2,82,89,$38,,,,,,,,,,,,,,,,,,,,
unsurebutwilling,92,1,92,92,$75,,,,,,,,,,,,,,,,,,,,
valeen,88,1,88,88,,,,,,,,,,,,,,,,,,,,,
valier_l,88,6,84,94,$53,,,,,,,,,,,,,,,,,,,,
valvestar720,74,2,71,76,,,,,,,,,,,,,,,,,,,,,
vanPe1t,84,54,71,94,,,,,,,,,,,,,,,,,,,,,
veloceracing,80,1,80,80,$60,,,,,,,,,,,,,,,,,,,,
veni_son,87,21,78,96,$176,,,,,,,,,,,,,,,,,,,,
verandaguy,86,2,81,91,$50,,,,,,,,,,,,,,,,,,,,
vercro,82,6,72,90,$96,,,,,,,,,,,,,,,,,,,,
versago,93,2,91,95,$100,,,,,,,,,,,,,,,,,,,,
vertical_bog,85,23,75,95,$63,,,,,,,,,,,,,,,,,,,,
vertigo666,90,1,90,90,,,,,,,,,,,,,,,,,,,,,
vkgfx,65,1,65,65,,,,,,,,,,,,,,,,,,,,,
volcanojones,84,1,84,84,,,,,,,,,,,,,,,,,,,,,
vonkham,93,2,91,94,$95,,,,,,,,,,,,,,,,,,,,
vrdubin6,89,13,67,95,$46,,,,,,,,,,,,,,,,,,,,
vroomery,80,1,80,80,$23,,,,,,,,,,,,,,,,,,,,
vx2,79,19,45,95,$41,,,,,,,,,,,,,,,,,,,,
walrus91,89,3,80,95,$76,,,,,,,,,,,,,,,,,,,,
washeewashee,82,249,10,96,$66,,,,,,,,,,,,,,,,,,,,
waynewaj,87,2,83,90,$60,,,,,,,,,,,,,,,,,,,,
wdmc-905,78,2,76,80,$140,,,,,,,,,,,,,,,,,,,,
wear_a_helmet,78,4,72,85,$45,,,,,,,,,,,,,,,,,,,,
webwulf,90,1,90,90,$90,,,,,,,,,,,,,,,,,,,,
weetam,92,1,92,92,,,,,,,,,,,,,,,,,,,,,
whereankelly,78,1,78,78,$100,,,,,,,,,,,,,,,,,,,,
whiskey_violist,89,10,86,92,$30,,,,,,,,,,,,,,,,,,,,
whiskybraj,96,1,96,96,,,,,,,,,,,,,,,,,,,,,
whiskyjoe,90,1,90,90,,,,,,,,,,,,,,,,,,,,,
whiskynator,84,19,78,90,$200,,,,,,,,,,,,,,,,,,,,
whiskyrichard,72,1,72,72,,,,,,,,,,,,,,,,,,,,,
whiskyrookie,89,5,82,95,$40,,,,,,,,,,,,,,,,,,,,
whiskywednesday,92,3,90,95,$538,,,,,,,,,,,,,,,,,,,,
whiteknight521,83,1,83,83,,,,,,,,,,,,,,,,,,,,,
wickedcold,91,1,91,91,$103,,,,,,,,,,,,,,,,,,,,
wiep,83,6,73,87,$51,,,,,,,,,,,,,,,,,,,,
wiggleywig,87,3,85,91,$69,,,,,,,,,,,,,,,,,,,,
wildoscar66,83,4,80,84,$42,,,,,,,,,,,,,,,,,,,,
willbb,90,3,90,90,$71,,,,,,,,,,,,,,,,,,,,
willdsd,81,1,81,81,$65,,,,,,,,,,,,,,,,,,,,
wind_paedo,81,1,81,81,,,,,,,,,,,,,,,,,,,,,
winnacht,81,12,62,92,$110,,,,,,,,,,,,,,,,,,,,
wolfmaster25,80,1,80,80,,,,,,,,,,,,,,,,,,,,,
wonganomad,86,3,80,90,$97,,,,,,,,,,,,,,,,,,,,
worksasdesigned,91,4,89,94,$70,,,,,,,,,,,,,,,,,,,,
wornengineer,69,2,67,71,$20,,,,,,,,,,,,,,,,,,,,
wreninrome,82,15,68,92,,,,,,,,,,,,,,,,,,,,,
wrongsideofthewire,93,1,93,93,$71,,,,,,,,,,,,,,,,,,,,
wvlurker,85,19,60,93,$60,,,,,,,,,,,,,,,,,,,,
wydawg,92,1,92,92,$21,,,,,,,,,,,,,,,,,,,,
wyldeslash,89,1,89,89,$44,,,,,,,,,,,,,,,,,,,,
wzcx,77,2,63,91,$53,,,,,,,,,,,,,,,,,,,,
xfoucault,90,1,90,90,$60,,,,,,,,,,,,,,,,,,,,
xile_,85,513,60,98,$118,,,,,,,,,,,,,,,,,,,,
xixit,88,1,88,88,$89,,,,,,,,,,,,,,,,,,,,
xj13,65,2,50,80,$18,,,,,,,,,,,,,,,,,,,,
xmendad,83,12,72,94,$57,,,,,,,,,,,,,,,,,,,,
xreekinghavocx,83,97,52,96,$51,,,,,,,,,,,,,,,,,,,,
xsweetcandyx,77,1,77,77,,,,,,,,,,,,,,,,,,,,,
xxico10,89,1,89,89,"$1,895",,,,,,,,,,,,,,,,,,,,
xzieus,70,1,70,70,$40,,,,,,,,,,,,,,,,,,,,
ydinpoika,90,4,85,95,$69,,,,,,,,,,,,,,,,,,,,
yeahhhmuffins,85,2,78,91,,,,,,,,,,,,,,,,,,,,,
yngwin,84,6,79,92,,,,,,,,,,,,,,,,,,,,,
zSolaris,80,18,65,96,$80,,,,,,,,,,,,,,,,,,,,
zachbe,85,1,85,85,,,,,,,,,,,,,,,,,,,,,
zarros_,65,1,65,65,$35,,,,,,,,,,,,,,,,,,,,
ziggy1283,85,31,65,98,$56,,,,,,,,,,,,,,,,,,,,
znegly,68,3,61,74,$34,,,,,,,,,,,,,,,,,,,,
zramz,88,13,74,94,$35,,,,,,,,,,,,,,,,,,,,
zrlindsey,70,1,70,70,,,,,,,,,,,,,,,,,,,,,
,,,,,,,,,,,,,,,,,,,,,,,,,
,,,,,,,,,,,,,,,,,,,,,,,,,
,,,,,,,,,,,,,,,,,,,,,,,,,
,,,,,,,,,,,,,,,,,,,,,,,,,
,,,,,,,,,,,,,,,,,,,,,,,,,
,,,,,,,,,,,,,,,,,,,,,,,,,
,,,,,,,,,,,,,,,,,,,,,,,,,
,,,,,,,,,,,,,,,,,,,,,,,,,
,,,,,,,,,,,,,,,,,,,,,,,,,
,,,,,,,,,,,,,,,,,,,,,,,,,
,,,,,,,,,,,,,,,,,,,,,,,,,
,,,,,,,,,,,,,,,,,,,,,,,,,
,,,,,,,,,,,,,,,,,,,,,,,,,
,,,,,,,,,,,,,,,,,,,,,,,,,
,,,,,,,,,,,,,,,,,,,,,,,,,
,,,,,,,,,,,,,,,,,,,,,,,,,
,,,,,,,,,,,,,,,,,,,,,,,,,
,,,,,,,,,,,,,,,,,,,,,,,,,
,,,,,,,,,,,,,,,,,,,,,,,,,
,,,,,,,,,,,,,,,,,,,,,,,,,
,,,,,,,,,,,,,,,,,,,,,,,,,
,,,,,,,,,,,,,,,,,,,,,,,,,
,,,,,,,,,,,,,,,,,,,,,,,,,
,,,,,,,,,,,,,,,,,,,,,,,,,
,,,,,,,,,,,,,,,,,,,,,,,,,
,,,,,,,,,,,,,,,,,,,,,,,,,
,,,,,,,,,,,,,,,,,,,,,,,,,
,,,,,,,,,,,,,,,,,,,,,,,,,
,,,,,,,,,,,,,,,,,,,,,,,,,
,,,,,,,,,,,,,,,,,,,,,,,,,
,,,,,,,,,,,,,,,,,,,,,,,,,
,,,,,,,,,,,,,,,,,,,,,,,,,
,,,,,,,,,,,,,,,,,,,,,,,,,
,,,,,,,,,,,,,,,,,,,,,,,,,
,,,,,,,,,,,,,,,,,,,,,,,,,
,,,,,,,,,,,,,,,,,,,,,,,,,
,,,,,,,,,,,,,,,,,,,,,,,,,
,,,,,,,,,,,,,,,,,,,,,,,,,
,,,,,,,,,,,,,,,,,,,,,,,,,
,,,,,,,,,,,,,,,,,,,,,,,,,
,,,,,,,,,,,,,,,,,,,,,,,,,
,,,,,,,,,,,,,,,,,,,,,,,,,
,,,,,,,,,,,,,,,,,,,,,,,,,
,,,,,,,,,,,,,,,,,,,,,,,,,
,,,,,,,,,,,,,,,,,,,,,,,,,
,,,,,,,,,,,,,,,,,,,,,,,,,
,,,,,,,,,,,,,,,,,,,,,,,,,
,,,,,,,,,,,,,,,,,,,,,,,,,
,,,,,,,,,,,,,,,,,,,,,,,,,
,,,,,,,,,,,,,,,,,,,,,,,,,
,,,,,,,,,,,,,,,,,,,,,,,,,
,,,,,,,,,,,,,,,,,,,,,,,,,
,,,,,,,,,,,,,,,,,,,,,,,,,
,,,,,,,,,,,,,,,,,,,,,,,,,
,,,,,,,,,,,,,,,,,,,,,,,,,
,,,,,,,,,,,,,,,,,,,,,,,,,
,,,,,,,,,,,,,,,,,,,,,,,,,
,,,,,,,,,,,,,,,,,,,,,,,,,
,,,,,,,,,,,,,,,,,,,,,,,,,
,,,,,,,,,,,,,,,,,,,,,,,,,
,,,,,,,,,,,,,,,,,,,,,,,,,
,,,,,,,,,,,,,,,,,,,,,,,,,
,,,,,,,,,,,,,,,,,,,,,,,,,
,,,,,,,,,,,,,,,,,,,,,,,,,
,,,,,,,,,,,,,,,,,,,,,,,,,
,,,,,,,,,,,,,,,,,,,,,,,,,
,,,,,,,,,,,,,,,,,,,,,,,,,
,,,,,,,,,,,,,,,,,,,,,,,,,
,,,,,,,,,,,,,,,,,,,,,,,,,
,,,,,,,,,,,,,,,,,,,,,,,,,
,,,,,,,,,,,,,,,,,,,,,,,,,
,,,,,,,,,,,,,,,,,,,,,,,,,
,,,,,,,,,,,,,,,,,,,,,,,,,
,,,,,,,,,,,,,,,,,,,,,,,,,
,,,,,,,,,,,,,,,,,,,,,,,,,
,,,,,,,,,,,,,,,,,,,,,,,,,
,,,,,,,,,,,,,,,,,,,,,,,,,
,,,,,,,,,,,,,,,,,,,,,,,,,
,,,,,,,,,,,,,,,,,,,,,,,,,
,,,,,,,,,,,,,,,,,,,,,,,,,
,,,,,,,,,,,,,,,,,,,,,,,,,
,,,,,,,,,,,,,,,,,,,,,,,,,
,,,,,,,,,,,,,,,,,,,,,,,,,
,,,,,,,,,,,,,,,,,,,,,,,,,
,,,,,,,,,,,,,,,,,,,,,,,,,
,,,,,,,,,,,,,,,,,,,,,,,,,
,,,,,,,,,,,,,,,,,,,,,,,,,
,,,,,,,,,,,,,,,,,,,,,,,,,
,,,,,,,,,,,,,,,,,,,,,,,,,
,,,,,,,,,,,,,,,,,,,,,,,,,
,,,,,,,,,,,,,,,,,,,,,,,,,
,,,,,,,,,,,,,,,,,,,,,,,,,
,,,,,,,,,,,,,,,,,,,,,,,,,
,,,,,,,,,,,,,,,,,,,,,,,,,
,,,,,,,,,,,,,,,,,,,,,,,,,
,,,,,,,,,,,,,,,,,,,,,,,,,
,,,,,,,,,,,,,,,,,,,,,,,,,
,,,,,,,,,,,,,,,,,,,,,,,,,
,,,,,,,,,,,,,,,,,,,,,,,,,
,,,,,,,,,,,,,,,,,,,,,,,,,
,,,,,,,,,,,,,,,,,,,,,,,,,
,,,,,,,,,,,,,,,,,,,,,,,,,
,,,,,,,,,,,,,,,,,,,,,,,,,
,,,,,,,,,,,,,,,,,,,,,,,,,
,,,,,,,,,,,,,,,,,,,,,,,,,
,,,,,,,,,,,,,,,,,,,,,,,,,
,,,,,,,,,,,,,,,,,,,,,,,,,
,,,,,,,,,,,,,,,,,,,,,,,,,
,,,,,,,,,,,,,,,,,,,,,,,,,
,,,,,,,,,,,,,,,,,,,,,,,,,
,,,,,,,,,,,,,,,,,,,,,,,,,
,,,,,,,,,,,,,,,,,,,,,,,,,
,,,,,,,,,,,,,,,,,,,,,,,,,
,,,,,,,,,,,,,,,,,,,,,,,,,
,,,,,,,,,,,,,,,,,,,,,,,,,
,,,,,,,,,,,,,,,,,,,,,,,,,
,,,,,,,,,,,,,,,,,,,,,,,,,
,,,,,,,,,,,,,,,,,,,,,,,,,
,,,,,,,,,,,,,,,,,,,,,,,,,
,,,,,,,,,,,,,,,,,,,,,,,,,
,,,,,,,,,,,,,,,,,,,,,,,,,
,,,,,,,,,,,,,,,,,,,,,,,,,
,,,,,,,,,,,,,,,,,,,,,,,,,
,,,,,,,,,,,,,,,,,,,,,,,,,
,,,,,,,,,,,,,,,,,,,,,,,,,
,,,,,,,,,,,,,,,,,,,,,,,,,
,,,,,,,,,,,,,,,,,,,,,,,,,
,,,,,,,,,,,,,,,,,,,,,,,,,
,,,,,,,,,,,,,,,,,,,,,,,,,
,,,,,,,,,,,,,,,,,,,,,,,,,
,,,,,,,,,,,,,,,,,,,,,,,,,
,,,,,,,,,,,,,,,,,,,,,,,,,
,,,,,,,,,,,,,,,,,,,,,,,,,
,,,,,,,,,,,,,,,,,,,,,,,,,
,,,,,,,,,,,,,,,,,,,,,,,,,
,,,,,,,,,,,,,,,,,,,,,,,,,
,,,,,,,,,,,,,,,,,,,,,,,,,
,,,,,,,,,,,,,,,,,,,,,,,,,
,,,,,,,,,,,,,,,,,,,,,,,,,
,,,,,,,,,,,,,,,,,,,,,,,,,
,,,,,,,,,,,,,,,,,,,,,,,,,
,,,,,,,,,,,,,,,,,,,,,,,,,
,,,,,,,,,,,,,,,,,,,,,,,,,
,,,,,,,,,,,,,,,,,,,,,,,,,
,,,,,,,,,,,,,,,,,,,,,,,,,
,,,,,,,,,,,,,,,,,,,,,,,,,
,,,,,,,,,,,,,,,,,,,,,,,,,
,,,,,,,,,,,,,,,,,,,,,,,,,
,,,,,,,,,,,,,,,,,,,,,,,,,
,,,,,,,,,,,,,,,,,,,,,,,,,
,,,,,,,,,,,,,,,,,,,,,,,,,
,,,,,,,,,,,,,,,,,,,,,,,,,
,,,,,,,,,,,,,,,,,,,,,,,,,
,,,,,,,,,,,,,,,,,,,,,,,,,
,,,,,,,,,,,,,,,,,,,,,,,,,
,,,,,,,,,,,,,,,,,,,,,,,,,
,,,,,,,,,,,,,,,,,,,,,,,,,
,,,,,,,,,,,,,,,,,,,,,,,,,
,,,,,,,,,,,,,,,,,,,,,,,,,
,,,,,,,,,,,,,,,,,,,,,,,,,
,,,,,,,,,,,,,,,,,,,,,,,,,
,,,,,,,,,,,,,,,,,,,,,,,,,
,,,,,,,,,,,,,,,,,,,,,,,,,
,,,,,,,,,,,,,,,,,,,,,,,,,
,,,,,,,,,,,,,,,,,,,,,,,,,
,,,,,,,,,,,,,,,,,,,,,,,,,
,,,,,,,,,,,,,,,,,,,,,,,,,
,,,,,,,,,,,,,,,,,,,,,,,,,
,,,,,,,,,,,,,,,,,,,,,,,,,
,,,,,,,,,,,,,,,,,,,,,,,,,
,,,,,,,,,,,,,,,,,,,,,,,,,
,,,,,,,,,,,,,,,,,,,,,,,,,
,,,,,,,,,,,,,,,,,,,,,,,,,
,,,,,,,,,,,,,,,,,,,,,,,,,
,,,,,,,,,,,,,,,,,,,,,,,,,
,,,,,,,,,,,,,,,,,,,,,,,,,
,,,,,,,,,,,,,,,,,,,,,,,,,
,,,,,,,,,,,,,,,,,,,,,,,,,
,,,,,,,,,,,,,,,,,,,,,,,,,
,,,,,,,,,,,,,,,,,,,,,,,,,
,,,,,,,,,,,,,,,,,,,,,,,,,
,,,,,,,,,,,,,,,,,,,,,,,,,
,,,,,,,,,,,,,,,,,,,,,,,,,
,,,,,,,,,,,,,,,,,,,,,,,,,
,,,,,,,,,,,,,,,,,,,,,,,,,
,,,,,,,,,,,,,,,,,,,,,,,,,
,,,,,,,,,,,,,,,,,,,,,,,,,
,,,,,,,,,,,,,,,,,,,,,,,,,
,,,,,,,,,,,,,,,,,,,,,,,,,
,,,,,,,,,,,,,,,,,,,,,,,,,
,,,,,,,,,,,,,,,,,,,,,,,,,
,,,,,,,,,,,,,,,,,,,,,,,,,
,,,,,,,,,,,,,,,,,,,,,,,,,
,,,,,,,,,,,,,,,,,,,,,,,,,
,,,,,,,,,,,,,,,,,,,,,,,,,
,,,,,,,,,,,,,,,,,,,,,,,,,
,,,,,,,,,,,,,,,,,,,,,,,,,
,,,,,,,,,,,,,,,,,,,,,,,,,
,,,,,,,,,,,,,,,,,,,,,,,,,
,,,,,,,,,,,,,,,,,,,,,,,,,
,,,,,,,,,,,,,,,,,,,,,,,,,
,,,,,,,,,,,,,,,,,,,,,,,,,
,,,,,,,,,,,,,,,,,,,,,,,,,
,,,,,,,,,,,,,,,,,,,,,,,,,
,,,,,,,,,,,,,,,,,,,,,,,,,
,,,,,,,,,,,,,,,,,,,,,,,,,
,,,,,,,,,,,,,,,,,,,,,,,,,
,,,,,,,,,,,,,,,,,,,,,,,,,
,,,,,,,,,,,,,,,,,,,,,,,,,
,,,,,,,,,,,,,,,,,,,,,,,,,
,,,,,,,,,,,,,,,,,,,,,,,,,
,,,,,,,,,,,,,,,,,,,,,,,,,
,,,,,,,,,,,,,,,,,,,,,,,,,
,,,,,,,,,,,,,,,,,,,,,,,,,
,,,,,,,,,,,,,,,,,,,,,,,,,
,,,,,,,,,,,,,,,,,,,,,,,,,
,,,,,,,,,,,,,,,,,,,,,,,,,
,,,,,,,,,,,,,,,,,,,,,,,,,
,,,,,,,,,,,,,,,,,,,,,,,,,
,,,,,,,,,,,,,,,,,,,,,,,,,
,,,,,,,,,,,,,,,,,,,,,,,,,
,,,,,,,,,,,,,,,,,,,,,,,,,
,,,,,,,,,,,,,,,,,,,,,,,,,
,,,,,,,,,,,,,,,,,,,,,,,,,
,,,,,,,,,,,,,,,,,,,,,,,,,
,,,,,,,,,,,,,,,,,,,,,,,,,
,,,,,,,,,,,,,,,,,,,,,,,,,
,,,,,,,,,,,,,,,,,,,,,,,,,
,,,,,,,,,,,,,,,,,,,,,,,,,
,,,,,,,,,,,,,,,,,,,,,,,,,
,,,,,,,,,,,,,,,,,,,,,,,,,
,,,,,,,,,,,,,,,,,,,,,,,,,
,,,,,,,,,,,,,,,,,,,,,,,,,
,,,,,,,,,,,,,,,,,,,,,,,,,
,,,,,,,,,,,,,,,,,,,,,,,,,
,,,,,,,,,,,,,,,,,,,,,,,,,
,,,,,,,,,,,,,,,,,,,,,,,,,
,,,,,,,,,,,,,,,,,,,,,,,,,
,,,,,,,,,,,,,,,,,,,,,,,,,
,,,,,,,,,,,,,,,,,,,,,,,,,
,,,,,,,,,,,,,,,,,,,,,,,,,
,,,,,,,,,,,,,,,,,,,,,,,,,
,,,,,,,,,,,,,,,,,,,,,,,,,
,,,,,,,,,,,,,,,,,,,,,,,,,
,,,,,,,,,,,,,,,,,,,,,,,,,
,,,,,,,,,,,,,,,,,,,,,,,,,
,,,,,,,,,,,,,,,,,,,,,,,,,
,,,,,,,,,,,,,,,,,,,,,,,,,
,,,,,,,,,,,,,,,,,,,,,,,,,
,,,,,,,,,,,,,,,,,,,,,,,,,
,,,,,,,,,,,,,,,,,,,,,,,,,
,,,,,,,,,,,,,,,,,,,,,,,,,
,,,,,,,,,,,,,,,,,,,,,,,,,
,,,,,,,,,,,,,,,,,,,,,,,,,
,,,,,,,,,,,,,,,,,,,,,,,,,
,,,,,,,,,,,,,,,,,,,,,,,,,
,,,,,,,,,,,,,,,,,,,,,,,,,
,,,,,,,,,,,,,,,,,,,,,,,,,
,,,,,,,,,,,,,,,,,,,,,,,,,
,,,,,,,,,,,,,,,,,,,,,,,,,
,,,,,,,,,,,,,,,,,,,,,,,,,
,,,,,,,,,,,,,,,,,,,,,,,,,
,,,,,,,,,,,,,,,,,,,,,,,,,
,,,,,,,,,,,,,,,,,,,,,,,,,
,,,,,,,,,,,,,,,,,,,,,,,,,
,,,,,,,,,,,,,,,,,,,,,,,,,
,,,,,,,,,,,,,,,,,,,,,,,,,
,,,,,,,,,,,,,,,,,,,,,,,,,
,,,,,,,,,,,,,,,,,,,,,,,,,
,,,,,,,,,,,,,,,,,,,,,,,,,
,,,,,,,,,,,,,,,,,,,,,,,,,
,,,,,,,,,,,,,,,,,,,,,,,,,
,,,,,,,,,,,,,,,,,,,,,,,,,
,,,,,,,,,,,,,,,,,,,,,,,,,
,,,,,,,,,,,,,,,,,,,,,,,,,
,,,,,,,,,,,,,,,,,,,,,,,,,
,,,,,,,,,,,,,,,,,,,,,,,,,
,,,,,,,,,,,,,,,,,,,,,,,,,
,,,,,,,,,,,,,,,,,,,,,,,,,
,,,,,,,,,,,,,,,,,,,,,,,,,
,,,,,,,,,,,,,,,,,,,,,,,,,
,,,,,,,,,,,,,,,,,,,,,,,,,
,,,,,,,,,,,,,,,,,,,,,,,,,
,,,,,,,,,,,,,,,,,,,,,,,,,
,,,,,,,,,,,,,,,,,,,,,,,,,
,,,,,,,,,,,,,,,,,,,,,,,,,
,,,,,,,,,,,,,,,,,,,,,,,,,
,,,,,,,,,,,,,,,,,,,,,,,,,
,,,,,,,,,,,,,,,,,,,,,,,,,
,,,,,,,,,,,,,,,,,,,,,,,,,
,,,,,,,,,,,,,,,,,,,,,,,,,
,,,,,,,,,,,,,,,,,,,,,,,,,
,,,,,,,,,,,,,,,,,,,,,,,,,
,,,,,,,,,,,,,,,,,,,,,,,,,
,,,,,,,,,,,,,,,,,,,,,,,,,
,,,,,,,,,,,,,,,,,,,,,,,,,
,,,,,,,,,,,,,,,,,,,,,,,,,
,,,,,,,,,,,,,,,,,,,,,,,,,
,,,,,,,,,,,,,,,,,,,,,,,,,
,,,,,,,,,,,,,,,,,,,,,,,,,
,,,,,,,,,,,,,,,,,,,,,,,,,
,,,,,,,,,,,,,,,,,,,,,,,,,
,,,,,,,,,,,,,,,,,,,,,,,,,
,,,,,,,,,,,,,,,,,,,,,,,,,
,,,,,,,,,,,,,,,,,,,,,,,,,
,,,,,,,,,,,,,,,,,,,,,,,,,
,,,,,,,,,,,,,,,,,,,,,,,,,
,,,,,,,,,,,,,,,,,,,,,,,,,
,,,,,,,,,,,,,,,,,,,,,,,,,
,,,,,,,,,,,,,,,,,,,,,,,,,
,,,,,,,,,,,,,,,,,,,,,,,,,
,,,,,,,,,,,,,,,,,,,,,,,,,
,,,,,,,,,,,,,,,,,,,,,,,,,
,,,,,,,,,,,,,,,,,,,,,,,,,
,,,,,,,,,,,,,,,,,,,,,,,,,
,,,,,,,,,,,,,,,,,,,,,,,,,
,,,,,,,,,,,,,,,,,,,,,,,,,
,,,,,,,,,,,,,,,,,,,,,,,,,
,,,,,,,,,,,,,,,,,,,,,,,,,
,,,,,,,,,,,,,,,,,,,,,,,,,
,,,,,,,,,,,,,,,,,,,,,,,,,
,,,,,,,,,,,,,,,,,,,,,,,,,
,,,,,,,,,,,,,,,,,,,,,,,,,
,,,,,,,,,,,,,,,,,,,,,,,,,
,,,,,,,,,,,,,,,,,,,,,,,,,
,,,,,,,,,,,,,,,,,,,,,,,,,
,,,,,,,,,,,,,,,,,,,,,,,,,
,,,,,,,,,,,,,,,,,,,,,,,,,
,,,,,,,,,,,,,,,,,,,,,,,,,
,,,,,,,,,,,,,,,,,,,,,,,,,
,,,,,,,,,,,,,,,,,,,,,,,,,
,,,,,,,,,,,,,,,,,,,,,,,,,
,,,,,,,,,,,,,,,,,,,,,,,,,
,,,,,,,,,,,,,,,,,,,,,,,,,
,,,,,,,,,,,,,,,,,,,,,,,,,
,,,,,,,,,,,,,,,,,,,,,,,,,
,,,,,,,,,,,,,,,,,,,,,,,,,
,,,,,,,,,,,,,,,,,,,,,,,,,
,,,,,,,,,,,,,,,,,,,,,,,,,
,,,,,,,,,,,,,,,,,,,,,,,,,
,,,,,,,,,,,,,,,,,,,,,,,,,
,,,,,,,,,,,,,,,,,,,,,,,,,
,,,,,,,,,,,,,,,,,,,,,,,,,
,,,,,,,,,,,,,,,,,,,,,,,,,
,,,,,,,,,,,,,,,,,,,,,,,,,
,,,,,,,,,,,,,,,,,,,,,,,,,
,,,,,,,,,,,,,,,,,,,,,,,,,
,,,,,,,,,,,,,,,,,,,,,,,,,
,,,,,,,,,,,,,,,,,,,,,,,,,
,,,,,,,,,,,,,,,,,,,,,,,,,
,,,,,,,,,,,,,,,,,,,,,,,,,
,,,,,,,,,,,,,,,,,,,,,,,,,
,,,,,,,,,,,,,,,,,,,,,,,,,
,,,,,,,,,,,,,,,,,,,,,,,,,
,,,,,,,,,,,,,,,,,,,,,,,,,
,,,,,,,,,,,,,,,,,,,,,,,,,
,,,,,,,,,,,,,,,,,,,,,,,,,
,,,,,,,,,,,,,,,,,,,,,,,,,
,,,,,,,,,,,,,,,,,,,,,,,,,
,,,,,,,,,,,,,,,,,,,,,,,,,
,,,,,,,,,,,,,,,,,,,,,,,,,
,,,,,,,,,,,,,,,,,,,,,,,,,
,,,,,,,,,,,,,,,,,,,,,,,,,
,,,,,,,,,,,,,,,,,,,,,,,,,
,,,,,,,,,,,,,,,,,,,,,,,,,
,,,,,,,,,,,,,,,,,,,,,,,,,
,,,,,,,,,,,,,,,,,,,,,,,,,
,,,,,,,,,,,,,,,,,,,,,,,,,
,,,,,,,,,,,,,,,,,,,,,,,,,
,,,,,,,,,,,,,,,,,,,,,,,,,
,,,,,,,,,,,,,,,,,,,,,,,,,
,,,,,,,,,,,,,,,,,,,,,,,,,
,,,,,,,,,,,,,,,,,,,,,,,,,
,,,,,,,,,,,,,,,,,,,,,,,,,
,,,,,,,,,,,,,,,,,,,,,,,,,
,,,,,,,,,,,,,,,,,,,,,,,,,
,,,,,,,,,,,,,,,,,,,,,,,,,
,,,,,,,,,,,,,,,,,,,,,,,,,
,,,,,,,,,,,,,,,,,,,,,,,,,
,,,,,,,,,,,,,,,,,,,,,,,,,
,,,,,,,,,,,,,,,,,,,,,,,,,
,,,,,,,,,,,,,,,,,,,,,,,,,
,,,,,,,,,,,,,,,,,,,,,,,,,
,,,,,,,,,,,,,,,,,,,,,,,,,
,,,,,,,,,,,,,,,,,,,,,,,,,
,,,,,,,,,,,,,,,,,,,,,,,,,
,,,,,,,,,,,,,,,,,,,,,,,,,
,,,,,,,,,,,,,,,,,,,,,,,,,
,,,,,,,,,,,,,,,,,,,,,,,,,
,,,,,,,,,,,,,,,,,,,,,,,,,
,,,,,,,,,,,,,,,,,,,,,,,,,
,,,,,,,,,,,,,,,,,,,,,,,,,
,,,,,,,,,,,,,,,,,,,,,,,,,
,,,,,,,,,,,,,,,,,,,,,,,,,
,,,,,,,,,,,,,,,,,,,,,,,,,
,,,,,,,,,,,,,,,,,,,,,,,,,
,,,,,,,,,,,,,,,,,,,,,,,,,
,,,,,,,,,,,,,,,,,,,,,,,,,
,,,,,,,,,,,,,,,,,,,,,,,,,
,,,,,,,,,,,,,,,,,,,,,,,,,
,,,,,,,,,,,,,,,,,,,,,,,,,
,,,,,,,,,,,,,,,,,,,,,,,,,
,,,,,,,,,,,,,,,,,,,,,,,,,
,,,,,,,,,,,,,,,,,,,,,,,,,
,,,,,,,,,,,,,,,,,,,,,,,,,
,,,,,,,,,,,,,,,,,,,,,,,,,
,,,,,,,,,,,,,,,,,,,,,,,,,
,,,,,,,,,,,,,,,,,,,,,,,,,
,,,,,,,,,,,,,,,,,,,,,,,,,
,,,,,,,,,,,,,,,,,,,,,,,,,
,,,,,,,,,,,,,,,,,,,,,,,,,
,,,,,,,,,,,,,,,,,,,,,,,,,
,,,,,,,,,,,,,,,,,,,,,,,,,
,,,,,,,,,,,,,,,,,,,,,,,,,
,,,,,,,,,,,,,,,,,,,,,,,,,
,,,,,,,,,,,,,,,,,,,,,,,,,
,,,,,,,,,,,,,,,,,,,,,,,,,
,,,,,,,,,,,,,,,,,,,,,,,,,
,,,,,,,,,,,,,,,,,,,,,,,,,
,,,,,,,,,,,,,,,,,,,,,,,,,
,,,,,,,,,,,,,,,,,,,,,,,,,
,,,,,,,,,,,,,,,,,,,,,,,,,
,,,,,,,,,,,,,,,,,,,,,,,,,
,,,,,,,,,,,,,,,,,,,,,,,,,
,,,,,,,,,,,,,,,,,,,,,,,,,
,,,,,,,,,,,,,,,,,,,,,,,,,
,,,,,,,,,,,,,,,,,,,,,,,,,
,,,,,,,,,,,,,,,,,,,,,,,,,
,,,,,,,,,,,,,,,,,,,,,,,,,
,,,,,,,,,,,,,,,,,,,,,,,,,
,,,,,,,,,,,,,,,,,,,,,,,,,
,,,,,,,,,,,,,,,,,,,,,,,,,
